gbifID,datasetKey,occurrenceID,kingdom,phylum,class,order,family,genus,species,infraspecificEpithet,taxonRank,scientificName,verbatimScientificName,verbatimScientificNameAuthorship,countryCode,locality,stateProvince,occurrenceStatus,individualCount,publishingOrgKey,coordinateUncertaintyInMeters,coordinatePrecision,elevation,elevationAccuracy,depth,depthAccuracy,eventDate,day,month,year,taxonKey,speciesKey,basisOfRecord,institutionCode,collectionCode,catalogNumber,recordNumber,identifiedBy,dateIdentified,license,rightsHolder,recordedBy,typeStatus,establishmentMeans,lastInterpreted,mediaType,issue,lon,lat
4400815374,1eaa9e1b-cb70-4ee5-a29e-31e2b5021cc2,UDEA:CEMUA:ECHI:000091,Animalia,Echinodermata,Echinoidea,Camarodonta,Echinometridae,Echinometra,Echinometra lucunter,NA,SPECIES,"Echinometra lucunter (Linnaeus, 1758)",Echinometra lucunter,"Linnaeus, 1758",CO,Canales de Tio Kike,Bolívar,PRESENT,2,cccff716-2694-4209-9f9e-2f7a484465a0,NA,NA,NA,NA,4,0,2012-06-24,24,6,2012,2278861,2278861,PRESERVED_SPECIMEN,Universidad de Antioquia (UDEA),CEMUA,ECHI:000091,NA,Daniela Yepes Gaurisas,2012-06-24T00:00:00Z,CC_BY_4_0,Universidad de Antioquia,Mario Hernán Londoño Mesa;Daniela Yepes Gaurisas,NA,NA,2025-08-01T12:28:31Z,NA,INSTITUTION_MATCH_NONE,-75.858,9.7963
4168515954,a4305468-d94d-4244-b146-738e52d8a6e9,0ee0ac7cb7d3194dc3d4313633093bd0,Animalia,Echinodermata,Echinoidea,Camarodonta,Echinometridae,Echinometra,Echinometra lucunter,NA,SPECIES,"Echinometra lucunter (Linnaeus, 1758)",Echinometra lucunter,"(Linnaeus, 1758)",MX,Transecto 1,NA,PRESENT,1,ff90b050-c256-11db-b71b-b8a03c50a862,NA,NA,0,0,2.5,2.5,2016-04-23,23,4,2016,2278861,2278861,PRESERVED_SPECIMEN,ICML-UNAM,CNE,ICML-UNAM 18033,NA,"Hernández-Díaz, Y. Q.",NA,CC_BY_4_0,Comisión Nacional para el Conocimiento y Uso de la Biodiversidad (CONABIO),"Hernández-Díaz, Y. Q.",NotAType,NA,2025-07-05T01:58:40Z,NA,COORDINATE_ROUNDED;CONTINENT_DERIVED_FROM_COORDINATES;SCIENTIFIC_NAME_ID_NOT_FOUND;TAXON_ID_NOT_FOUND;DEPTH_MIN_MAX_SWAPPED;OCCURRENCE_STATUS_INFERRED_FROM_INDIVIDUAL_COUNT;INSTITUTION_MATCH_NONE,-91.972778,20.219222
4168515738,a4305468-d94d-4244-b146-738e52d8a6e9,2054524bc99a813c314e7a25ae926d27,Animalia,Echinodermata,Echinoidea,Camarodonta,Echinometridae,Echinometra,Echinometra lucunter,NA,SPECIES,"Echinometra lucunter (Linnaeus, 1758)",Echinometra lucunter,"(Linnaeus, 1758)",MX,Punta Norte,NA,PRESENT,1,ff90b050-c256-11db-b71b-b8a03c50a862,NA,NA,0,0,2.5,2.5,2016-04-24,24,4,2016,2278861,2278861,PRESERVED_SPECIMEN,ICML-UNAM,CNE,ICML-UNAM 18056,NA,"Hernández-Díaz, Y. Q.",NA,CC_BY_4_0,Comisión Nacional para el Conocimiento y Uso de la Biodiversidad (CONABIO),"Hernández-Díaz, Y. Q.",NotAType,NA,2025-07-05T01:58:38Z,NA,COORDINATE_ROUNDED;CONTINENT_DERIVED_FROM_COORDINATES;SCIENTIFIC_NAME_ID_NOT_FOUND;TAXON_ID_NOT_FOUND;DEPTH_MIN_MAX_SWAPPED;OCCURRENCE_STATUS_INFERRED_FROM_INDIVIDUAL_COUNT;INSTITUTION_MATCH_NONE,-91.960667,20.207694
3306394835,a4305468-d94d-4244-b146-738e52d8a6e9,e05d50cb25865797c14d6f178098f564,Animalia,Echinodermata,Echinoidea,Camarodonta,Echinometridae,Echinometra,Echinometra lucunter,NA,SPECIES,"Echinometra lucunter (Linnaeus, 1758)",Echinometra lucunter,"(Linnaeus, 1758)",MX,Punto 05,NA,PRESENT,1,ff90b050-c256-11db-b71b-b8a03c50a862,NA,NA,2.6,2.6,2.65,2.65,2017-04-02,2,4,2017,2278861,2278861,PRESERVED_SPECIMEN,UMDI-FC-UNAM,COREPY,COREPY-0016,NA,"Márquez, F.",NA,CC_BY_4_0,Comisión Nacional para el Conocimiento y Uso de la Biodiversidad (CONABIO),"Hernández-Díaz, Y. Q.",NotAType,NA,2025-07-05T01:58:40Z,NA,COORDINATE_ROUNDED;CONTINENT_DERIVED_FROM_COORDINATES;SCIENTIFIC_NAME_ID_NOT_FOUND;TAXON_ID_NOT_FOUND;DEPTH_MIN_MAX_SWAPPED;ELEVATION_MIN_MAX_SWAPPED;OCCURRENCE_STATUS_INFERRED_FROM_INDIVIDUAL_COUNT;DIFFERENT_OWNER_INSTITUTION,-91.968917,20.214806
3306391044,a4305468-d94d-4244-b146-738e52d8a6e9,66d2865fceb716be45eb530e695babb0,Animalia,Echinodermata,Echinoidea,Camarodonta,Echinometridae,Echinometra,Echinometra lucunter,NA,SPECIES,"Echinometra lucunter (Linnaeus, 1758)",Echinometra lucunter,"(Linnaeus, 1758)",MX,12_TW_A,NA,PRESENT,1,ff90b050-c256-11db-b71b-b8a03c50a862,NA,NA,0,0,8,8,2017-09-10,10,9,2017,2278861,2278861,PRESERVED_SPECIMEN,UMDI-FC-UNAM,COREPY,COREPY-0248,NA,"Márquez, F.",NA,CC_BY_4_0,Comisión Nacional para el Conocimiento y Uso de la Biodiversidad (CONABIO),"Márquez, F.",NotAType,NA,2025-07-05T01:58:39Z,NA,CONTINENT_DERIVED_FROM_COORDINATES;SCIENTIFIC_NAME_ID_NOT_FOUND;TAXON_ID_NOT_FOUND;DEPTH_MIN_MAX_SWAPPED;OCCURRENCE_STATUS_INFERRED_FROM_INDIVIDUAL_COUNT;DIFFERENT_OWNER_INSTITUTION,-92.30751,20.96073
3028117912,26098c25-8f7f-4c71-97ac-1d3db181c65e,http://n2t.net/ark:/65665/3c014c21b-fdc4-41b0-82a4-5739e5a02364,Animalia,Echinodermata,Echinoidea,Camarodonta,Echinometridae,Echinometra,Echinometra lucunter,NA,SPECIES,"Echinometra lucunter (Linnaeus, 1758)",Echinometra lucunter,(Linnaeus),BZ,"Belize, Stann Creek, Pelican Cays, back reef lagoon, reef rubble",Stann Creek District,PRESENT,1,bc092ff0-02e4-11dc-991f-b8a03c50a862,NA,NA,NA,NA,1,0,2014-07-07,7,7,2014,2278861,2278861,MATERIAL_SAMPLE,USNM,IZ,USNM 1439098,BCBC_325,NA,NA,CC0_1_0,NA,"S. McKeon, A. Windsor, C. Weber, S. Harris, T. Yockachonis, M. Jones & J. Boehm",NA,NA,2025-08-01T10:30:28Z,NA,GEODETIC_DATUM_ASSUMED_WGS84;CONTINENT_INVALID;CONTINENT_DERIVED_FROM_COORDINATES,-88.0811,16.8021
2993588690,f13e2caf-5093-4f9a-9de6-e38775b5a737,INVEMAR:SIMAC:InvVag:TIO-1:2008:M1:002097,Animalia,Echinodermata,Echinoidea,Camarodonta,Echinometridae,Echinometra,Echinometra lucunter,NA,SPECIES,"Echinometra lucunter (Linnaeus, 1758)",Echinometra lucunter,"(Linnaeus, 1758)",CO,"Parque Nacional Natural Corales del Rosario y San Bernardo, Noroeste de Isla Tintipan Tiosolda Estación TIO 1",Bolívar,PRESENT,NA,f072f648-b8a4-47a0-9e1c-89d790645b5a,NA,NA,NA,NA,10.5,1.5,2008-09-30,30,9,2008,2278861,2278861,HUMAN_OBSERVATION,Instituto de Investigaciones Marinas y Costeras “José Benito Vives de Andréis” (Invemar),NA,NA,NA,NA,NA,CC_BY_4_0,NA,Catalina Casas;Johanna Carolina Vega Sequeda,NA,NA,2025-08-02T11:49:05Z,NA,COORDINATE_ROUNDED,-75.890833,9.821944
2993588681,f13e2caf-5093-4f9a-9de6-e38775b5a737,INVEMAR:SIMAC:InvVag:IGU-1:2005:S3:001463,Animalia,Echinodermata,Echinoidea,Camarodonta,Echinometridae,Echinometra,Echinometra lucunter,NA,SPECIES,"Echinometra lucunter (Linnaeus, 1758)",Echinometra lucunter,"(Linnaeus, 1758)",CO,"Reserva de Biosfera Sea Flower, Iguana Estación IGU 1","Archipiélago de San Andrés, Providencia y Santa Catalina",PRESENT,NA,f072f648-b8a4-47a0-9e1c-89d790645b5a,NA,NA,NA,NA,10.5,7.5,2005-09-13,13,9,2005,2278861,2278861,HUMAN_OBSERVATION,Instituto de Investigaciones Marinas y Costeras “José Benito Vives de Andréis” (Invemar),NA,NA,NA,NA,NA,CC_BY_4_0,NA,Carlos Andrés Orozco;Julian Olaya,NA,NA,2025-08-02T11:49:05Z,NA,COORDINATE_ROUNDED;CONTINENT_COORDINATE_MISMATCH,-81.733333,12.500417
2993588668,f13e2caf-5093-4f9a-9de6-e38775b5a737,INVEMAR:SIMAC:InvVag:PAV-1:2013:M3:003053,Animalia,Echinodermata,Echinoidea,Camarodonta,Echinometridae,Echinometra,Echinometra lucunter,NA,SPECIES,"Echinometra lucunter (Linnaeus, 1758)",Echinometra lucunter,"(Linnaeus, 1758)",CO,"Parque Nacional Natural Corales del Rosario y San Bernardo, Isla Pavitos Estación PAV 1",Bolívar,PRESENT,NA,f072f648-b8a4-47a0-9e1c-89d790645b5a,NA,NA,NA,NA,14,5,2013-12-05,5,12,2013,2278861,2278861,HUMAN_OBSERVATION,Instituto de Investigaciones Marinas y Costeras “José Benito Vives de Andréis” (Invemar),NA,NA,NA,NA,NA,CC_BY_4_0,NA,Laura Muñoz Escobar;Diana Carolina Ballesteros Contreras,NA,NA,2025-08-02T11:49:05Z,NA,COORDINATE_ROUNDED,-75.770639,10.174861
2993588666,f13e2caf-5093-4f9a-9de6-e38775b5a737,INVEMAR:SIMAC:InvVag:MAN-1:2012:S1:002919,Animalia,Echinodermata,Echinoidea,Camarodonta,Echinometridae,Echinometra,Echinometra lucunter,NA,SPECIES,"Echinometra lucunter (Linnaeus, 1758)",Echinometra lucunter,"(Linnaeus, 1758)",CO,"Parque Nacional Natural Corales del Rosario y San Bernardo, Frente a Isla Mangle Estación MAN 1",Bolívar,PRESENT,NA,f072f648-b8a4-47a0-9e1c-89d790645b5a,NA,NA,NA,NA,5,1,2012-12-05,5,12,2012,2278861,2278861,HUMAN_OBSERVATION,Instituto de Investigaciones Marinas y Costeras “José Benito Vives de Andréis” (Invemar),NA,NA,NA,NA,NA,CC_BY_4_0,NA,Raul Navas Camacho;Johanna Carolina Vega Sequeda,NA,NA,2025-08-02T11:49:05Z,NA,COORDINATE_ROUNDED,-75.785389,9.777417
2993588661,f13e2caf-5093-4f9a-9de6-e38775b5a737,INVEMAR:SIMAC:InvVag:MAN-2:2017:M2:003207,Animalia,Echinodermata,Echinoidea,Camarodonta,Echinometridae,Echinometra,Echinometra lucunter,NA,SPECIES,"Echinometra lucunter (Linnaeus, 1758)",Echinometra lucunter,"(Linnaeus, 1758)",CO,"Parque Nacional Natural Corales del Rosario y San Bernardo, Isla Mangle Estación Mangle 2",Bolívar,PRESENT,NA,f072f648-b8a4-47a0-9e1c-89d790645b5a,NA,NA,NA,NA,11.5,2.5,2017-07-21,21,7,2017,2278861,2278861,HUMAN_OBSERVATION,Instituto de Investigaciones Marinas y Costeras “José Benito Vives de Andréis” (Invemar),NA,NA,NA,NA,NA,CC_BY_4_0,NA,Juan David González Corredor,NA,NA,2025-08-02T11:49:05Z,NA,COORDINATE_ROUNDED,-75.785556,9.779444
2993588654,f13e2caf-5093-4f9a-9de6-e38775b5a737,INVEMAR:SIMAC:InvVag:CTI-1:2004:S2:001232,Animalia,Echinodermata,Echinoidea,Camarodonta,Echinometridae,Echinometra,Echinometra lucunter,NA,SPECIES,"Echinometra lucunter (Linnaeus, 1758)",Echinometra lucunter,"(Linnaeus, 1758)",CO,"Ensenada Sapzurro, Cabo Tiburón S Estación CTI 1",Chocó,PRESENT,NA,f072f648-b8a4-47a0-9e1c-89d790645b5a,NA,NA,NA,NA,2.5,0.5,2004-06-07,7,6,2004,2278861,2278861,HUMAN_OBSERVATION,Instituto de Investigaciones Marinas y Costeras “José Benito Vives de Andréis” (Invemar),NA,NA,NA,NA,NA,CC_BY_4_0,NA,Sonia Bejarano;Martha Alejandra Ortiz Del Rio,NA,NA,2025-08-02T11:49:05Z,NA,COORDINATE_ROUNDED,-77.358667,8.670417
2993588600,f13e2caf-5093-4f9a-9de6-e38775b5a737,INVEMAR:SIMAC:InvVag:WLF-1:2011:S5:002690,Animalia,Echinodermata,Echinoidea,Camarodonta,Echinometridae,Echinometra,Echinometra lucunter,NA,SPECIES,"Echinometra lucunter (Linnaeus, 1758)",Echinometra lucunter,"(Linnaeus, 1758)",CO,"Reserva de Biosfera Sea Flower, Wild Life Estación WLF 1","Archipiélago de San Andrés, Providencia y Santa Catalina",PRESENT,NA,f072f648-b8a4-47a0-9e1c-89d790645b5a,NA,NA,NA,NA,10.5,7.5,2011-09-01,1,9,2011,2278861,2278861,HUMAN_OBSERVATION,Instituto de Investigaciones Marinas y Costeras “José Benito Vives de Andréis” (Invemar),NA,NA,NA,NA,NA,CC_BY_4_0,NA,Luis Alfonso Gómez;Tomás López Londoño,NA,NA,2025-08-02T11:49:05Z,NA,COORDINATE_ROUNDED;CONTINENT_COORDINATE_MISMATCH,-81.731233,12.513133
2993588591,f13e2caf-5093-4f9a-9de6-e38775b5a737,INVEMAR:SIMAC:InvVag:CAP-1:2012:S1:002901,Animalia,Echinodermata,Echinoidea,Camarodonta,Echinometridae,Echinometra,Echinometra lucunter,NA,SPECIES,"Echinometra lucunter (Linnaeus, 1758)",Echinometra lucunter,"(Linnaeus, 1758)",CO,Ensenada Capurganá Estación CAP 1,Chocó,PRESENT,NA,f072f648-b8a4-47a0-9e1c-89d790645b5a,NA,NA,NA,NA,2.5,0.5,2012-11-21,21,11,2012,2278861,2278861,HUMAN_OBSERVATION,Instituto de Investigaciones Marinas y Costeras “José Benito Vives de Andréis” (Invemar),NA,NA,NA,NA,NA,CC_BY_4_0,NA,Kelly Gómez Campo;Raul Navas Camacho,NA,NA,2025-08-02T11:49:05Z,NA,COORDINATE_ROUNDED,-77.344667,8.639
2993588547,f13e2caf-5093-4f9a-9de6-e38775b5a737,INVEMAR:SIMAC:InvVag:CHE-2:2009:S3:002369,Animalia,Echinodermata,Echinoidea,Camarodonta,Echinometridae,Echinometra,Echinometra lucunter,NA,SPECIES,"Echinometra lucunter (Linnaeus, 1758)",Echinometra lucunter,"(Linnaeus, 1758)",CO,"Parque Nacional Natural Tayrona, Bahía Chengue C2 Estación CHE 2",Magdalena,PRESENT,NA,f072f648-b8a4-47a0-9e1c-89d790645b5a,NA,NA,NA,NA,10,7,2009-11-04,4,11,2009,2278861,2278861,HUMAN_OBSERVATION,Instituto de Investigaciones Marinas y Costeras “José Benito Vives de Andréis” (Invemar),NA,NA,NA,NA,NA,CC_BY_4_0,NA,Angelica Batista;Raul Navas Camacho,NA,NA,2025-08-02T11:49:05Z,NA,COORDINATE_ROUNDED,-74.128611,11.329861
2993588522,f13e2caf-5093-4f9a-9de6-e38775b5a737,INVEMAR:SIMAC:InvVag:CTI-2:2006:M3:001640,Animalia,Echinodermata,Echinoidea,Camarodonta,Echinometridae,Echinometra,Echinometra lucunter,NA,SPECIES,"Echinometra lucunter (Linnaeus, 1758)",Echinometra lucunter,"(Linnaeus, 1758)",CO,"Ensenada Sapzurro, Cabo Tiburón M Estación CTI 2",Chocó,PRESENT,NA,f072f648-b8a4-47a0-9e1c-89d790645b5a,NA,NA,NA,NA,10.5,1.5,2006-07-27,27,7,2006,2278861,2278861,HUMAN_OBSERVATION,Instituto de Investigaciones Marinas y Costeras “José Benito Vives de Andréis” (Invemar),NA,NA,NA,NA,NA,CC_BY_4_0,NA,Katherine Bernal,NA,NA,2025-08-02T11:49:05Z,NA,COORDINATE_ROUNDED,-77.356667,8.672167
2993588513,f13e2caf-5093-4f9a-9de6-e38775b5a737,INVEMAR:SIMAC:InvVag:CEY-2:2008:M2:002144,Animalia,Echinodermata,Echinoidea,Camarodonta,Echinometridae,Echinometra,Echinometra lucunter,NA,SPECIES,"Echinometra lucunter (Linnaeus, 1758)",Echinometra lucunter,"(Linnaeus, 1758)",CO,"Parque Nacional Natural Corales del Rosario y San Bernardo, Isla Ceycen Estación CEY 2",Bolívar,PRESENT,NA,f072f648-b8a4-47a0-9e1c-89d790645b5a,NA,NA,NA,NA,10.5,1.5,2008-10-02,2,10,2008,2278861,2278861,HUMAN_OBSERVATION,Instituto de Investigaciones Marinas y Costeras “José Benito Vives de Andréis” (Invemar),NA,NA,NA,NA,NA,CC_BY_4_0,NA,Catalina Casas;Tomás López Londoño,NA,NA,2025-08-02T11:49:05Z,NA,COORDINATE_ROUNDED,-75.865833,9.705833
2993588477,f13e2caf-5093-4f9a-9de6-e38775b5a737,INVEMAR:SIMAC:InvVag:TES-1:2009:M5:002310,Animalia,Echinodermata,Echinoidea,Camarodonta,Echinometridae,Echinometra,Echinometra lucunter,NA,SPECIES,"Echinometra lucunter (Linnaeus, 1758)",Echinometra lucunter,"(Linnaeus, 1758)",CO,"Parque Nacional Natural Corales del Rosario y San Bernardo, El Tesoro Estación TES 1",Bolívar,PRESENT,NA,f072f648-b8a4-47a0-9e1c-89d790645b5a,NA,NA,NA,NA,12,7,2009-05-22,22,5,2009,2278861,2278861,HUMAN_OBSERVATION,Instituto de Investigaciones Marinas y Costeras “José Benito Vives de Andréis” (Invemar),NA,NA,NA,NA,NA,CC_BY_4_0,NA,Gloria Castro;Raul Navas Camacho,NA,NA,2025-08-02T11:49:05Z,NA,COORDINATE_ROUNDED,-75.746444,10.234194
2993588476,f13e2caf-5093-4f9a-9de6-e38775b5a737,INVEMAR:SIMAC:InvVag:CHE-1:2009:S3:002355,Animalia,Echinodermata,Echinoidea,Camarodonta,Echinometridae,Echinometra,Echinometra lucunter,NA,SPECIES,"Echinometra lucunter (Linnaeus, 1758)",Echinometra lucunter,"(Linnaeus, 1758)",CO,"Parque Nacional Natural Tayrona, Bahía Chengue C1 Estación CHE 1",Magdalena,PRESENT,NA,f072f648-b8a4-47a0-9e1c-89d790645b5a,NA,NA,NA,NA,9.5,6.5,2009-11-04,4,11,2009,2278861,2278861,HUMAN_OBSERVATION,Instituto de Investigaciones Marinas y Costeras “José Benito Vives de Andréis” (Invemar),NA,NA,NA,NA,NA,CC_BY_4_0,NA,Angelica Batista;Raul Navas Camacho,NA,NA,2025-08-02T11:49:05Z,NA,COORDINATE_ROUNDED,-74.128361,11.325611
2993588468,f13e2caf-5093-4f9a-9de6-e38775b5a737,INVEMAR:SIMAC:InvVag:COC-1:2011:M3:002590,Animalia,Echinodermata,Echinoidea,Camarodonta,Echinometridae,Echinometra,Echinometra lucunter,NA,SPECIES,"Echinometra lucunter (Linnaeus, 1758)",Echinometra lucunter,"(Linnaeus, 1758)",CO,"Parque Nacional Natural Corales del Rosario y San Bernardo, La Coca Estación COC 1",Bolívar,PRESENT,NA,f072f648-b8a4-47a0-9e1c-89d790645b5a,NA,NA,NA,NA,8.5,3.5,2011-05-11,11,5,2011,2278861,2278861,HUMAN_OBSERVATION,Instituto de Investigaciones Marinas y Costeras “José Benito Vives de Andréis” (Invemar),NA,NA,NA,NA,NA,CC_BY_4_0,NA,Raul Navas Camacho;Tomás López Londoño,NA,NA,2025-08-02T11:49:05Z,NA,COORDINATE_ROUNDED,-75.788861,10.170889
2993588444,f13e2caf-5093-4f9a-9de6-e38775b5a737,INVEMAR:SIMAC:InvVag:LIT-1:2007:S5:001962,Animalia,Echinodermata,Echinoidea,Camarodonta,Echinometridae,Echinometra,Echinometra lucunter,NA,SPECIES,"Echinometra lucunter (Linnaeus, 1758)",Echinometra lucunter,"(Linnaeus, 1758)",CO,"Reserva de Biosfera Sea Flower, little Reef Estación LIT 1","Archipiélago de San Andrés, Providencia y Santa Catalina",PRESENT,NA,f072f648-b8a4-47a0-9e1c-89d790645b5a,NA,NA,NA,NA,4.5,1.5,2007-07-18,18,7,2007,2278861,2278861,HUMAN_OBSERVATION,Instituto de Investigaciones Marinas y Costeras “José Benito Vives de Andréis” (Invemar),NA,NA,NA,NA,NA,CC_BY_4_0,NA,Alfredo Abril;Raul Navas Camacho,NA,NA,2025-08-02T11:49:05Z,NA,COORDINATE_ROUNDED;CONTINENT_COORDINATE_MISMATCH,-81.686283,12.584717
2993588277,f13e2caf-5093-4f9a-9de6-e38775b5a737,INVEMAR:SIMAC:InvVag:ACU-2:2017:S5:003311,Animalia,Echinodermata,Echinoidea,Camarodonta,Echinometridae,Echinometra,Echinometra lucunter,NA,SPECIES,"Echinometra lucunter (Linnaeus, 1758)",Echinometra lucunter,"(Linnaeus, 1758)",CO,"Reserva de Biosfera Sea Flower, Acuario Estación ACU 2","Archipiélago de San Andrés, Providencia y Santa Catalina",PRESENT,NA,f072f648-b8a4-47a0-9e1c-89d790645b5a,NA,NA,NA,NA,4.5,1.5,2017-09-02,2,9,2017,2278861,2278861,HUMAN_OBSERVATION,Instituto de Investigaciones Marinas y Costeras “José Benito Vives de Andréis” (Invemar),NA,NA,NA,NA,NA,CC_BY_4_0,NA,Laura Sanchez Valencia,NA,NA,2025-08-02T11:49:05Z,NA,COORDINATE_ROUNDED;CONTINENT_COORDINATE_MISMATCH,-81.69695,12.548917
2993588262,f13e2caf-5093-4f9a-9de6-e38775b5a737,INVEMAR:SIMAC:InvVag:CEY-1:2002:S2:000370,Animalia,Echinodermata,Echinoidea,Camarodonta,Echinometridae,Echinometra,Echinometra lucunter,NA,SPECIES,"Echinometra lucunter (Linnaeus, 1758)",Echinometra lucunter,"(Linnaeus, 1758)",CO,"Parque Nacional Natural Corales del Rosario y San Bernardo, Ceycen Estación CEY 1",Bolívar,PRESENT,NA,f072f648-b8a4-47a0-9e1c-89d790645b5a,NA,NA,NA,NA,4.5,1.5,2002-05-03,3,5,2002,2278861,2278861,HUMAN_OBSERVATION,Instituto de Investigaciones Marinas y Costeras “José Benito Vives de Andréis” (Invemar),NA,NA,NA,NA,NA,CC_BY_4_0,NA,Sonia Bejarano;Nelson Manrique,NA,NA,2025-08-02T11:49:05Z,NA,COORDINATE_ROUNDED,-75.866139,9.705528
2993588203,f13e2caf-5093-4f9a-9de6-e38775b5a737,INVEMAR:SIMAC:InvVag:BAR-1:2006:S2:001758,Animalia,Echinodermata,Echinoidea,Camarodonta,Echinometridae,Echinometra,Echinometra lucunter,NA,SPECIES,"Echinometra lucunter (Linnaeus, 1758)",Echinometra lucunter,"(Linnaeus, 1758)",CO,"Reserva de Biosfera Sea Flower, The Bar Estación BAR 1","Archipiélago de San Andrés, Providencia y Santa Catalina",PRESENT,NA,f072f648-b8a4-47a0-9e1c-89d790645b5a,NA,NA,NA,NA,10.5,1.5,2006-09-29,29,9,2006,2278861,2278861,HUMAN_OBSERVATION,Instituto de Investigaciones Marinas y Costeras “José Benito Vives de Andréis” (Invemar),NA,NA,NA,NA,NA,CC_BY_4_0,NA,Nicasio Howard;Katherine Bernal,NA,NA,2025-08-02T11:49:05Z,NA,COORDINATE_ROUNDED;CONTINENT_COORDINATE_MISMATCH,-81.396967,13.367233
2993588192,f13e2caf-5093-4f9a-9de6-e38775b5a737,INVEMAR:SIMAC:InvVag:AGU-1:2002:S3:000449,Animalia,Echinodermata,Echinoidea,Camarodonta,Echinometridae,Echinometra,Echinometra lucunter,NA,SPECIES,"Echinometra lucunter (Linnaeus, 1758)",Echinometra lucunter,"(Linnaeus, 1758)",CO,"Ensenada Capurganá, Punta del Aguacate, al fondo de la ensenada, Aguacate S Estación AGU 1",Chocó,PRESENT,NA,f072f648-b8a4-47a0-9e1c-89d790645b5a,NA,NA,NA,NA,4.5,1.5,2002-07-02,2,7,2002,2278861,2278861,HUMAN_OBSERVATION,Instituto de Investigaciones Marinas y Costeras “José Benito Vives de Andréis” (Invemar),NA,NA,NA,NA,NA,CC_BY_4_0,NA,Jaime Garzón Ferreira;Nelson Manrique,NA,NA,2025-08-02T11:49:05Z,NA,COORDINATE_ROUNDED,-77.326861,8.616722
2993587940,f13e2caf-5093-4f9a-9de6-e38775b5a737,INVEMAR:SIMAC:InvVag:IFU-2:2009:S3:002237,Animalia,Echinodermata,Echinoidea,Camarodonta,Echinometridae,Echinometra,Echinometra lucunter,NA,SPECIES,"Echinometra lucunter (Linnaeus, 1758)",Echinometra lucunter,"(Linnaeus, 1758)",CO,"Isla Fuerte, Los Boyones Estación IFU 2",Bolívar,PRESENT,NA,f072f648-b8a4-47a0-9e1c-89d790645b5a,NA,NA,NA,NA,8,1,2009-03-19,19,3,2009,2278861,2278861,HUMAN_OBSERVATION,Instituto de Investigaciones Marinas y Costeras “José Benito Vives de Andréis” (Invemar),NA,NA,NA,NA,NA,CC_BY_4_0,NA,Johanna Carolina Vega Sequeda,NA,NA,2025-08-02T11:49:05Z,NA,COORDINATE_ROUNDED,-76.202278,9.371444
2993587934,f13e2caf-5093-4f9a-9de6-e38775b5a737,INVEMAR:SIMAC:InvVag:MAZ-2:2007:M3:001889,Animalia,Echinodermata,Echinoidea,Camarodonta,Echinometridae,Echinometra,Echinometra lucunter,NA,SPECIES,"Echinometra lucunter (Linnaeus, 1758)",Echinometra lucunter,"(Linnaeus, 1758)",CO,"Reserva de Biosfera Sea Flower, Manzanillo Estación 2","Archipiélago de San Andrés, Providencia y Santa Catalina",PRESENT,NA,f072f648-b8a4-47a0-9e1c-89d790645b5a,NA,NA,NA,NA,10,0,2007-07-08,8,7,2007,2278861,2278861,HUMAN_OBSERVATION,Instituto de Investigaciones Marinas y Costeras “José Benito Vives de Andréis” (Invemar),NA,NA,NA,NA,NA,CC_BY_4_0,NA,Raul Navas Camacho,NA,NA,2025-08-02T11:49:05Z,NA,COORDINATE_ROUNDED;CONTINENT_COORDINATE_MISMATCH,-81.375278,13.313639
2993587845,f13e2caf-5093-4f9a-9de6-e38775b5a737,INVEMAR:SIMAC:InvVag:IFU-1:2009:M3:002252,Animalia,Echinodermata,Echinoidea,Camarodonta,Echinometridae,Echinometra,Echinometra lucunter,NA,SPECIES,"Echinometra lucunter (Linnaeus, 1758)",Echinometra lucunter,"(Linnaeus, 1758)",CO,"Isla Fuerte, Fondo Loco Estación IFU 1",Bolívar,PRESENT,NA,f072f648-b8a4-47a0-9e1c-89d790645b5a,NA,NA,NA,NA,11,1,2009-03-20,20,3,2009,2278861,2278861,HUMAN_OBSERVATION,Instituto de Investigaciones Marinas y Costeras “José Benito Vives de Andréis” (Invemar),NA,NA,NA,NA,NA,CC_BY_4_0,NA,Johanna Carolina Vega Sequeda,NA,NA,2025-08-02T11:49:05Z,NA,COORDINATE_ROUNDED,-76.207639,9.380111
2993587713,f13e2caf-5093-4f9a-9de6-e38775b5a737,INVEMAR:SIMAC:InvVag:GAY-2:2003:M5:001078,Animalia,Echinodermata,Echinoidea,Camarodonta,Echinometridae,Echinometra,Echinometra lucunter,NA,SPECIES,"Echinometra lucunter (Linnaeus, 1758)",Echinometra lucunter,"(Linnaeus, 1758)",CO,"Parque Nacional Natural Tayrona, Bahía Granate Estación GRA 2",Magdalena,PRESENT,NA,f072f648-b8a4-47a0-9e1c-89d790645b5a,NA,NA,NA,NA,13.5,1.5,2003-10-29,29,10,2003,2278861,2278861,HUMAN_OBSERVATION,Instituto de Investigaciones Marinas y Costeras “José Benito Vives de Andréis” (Invemar),NA,NA,NA,NA,NA,CC_BY_4_0,NA,Isabel Cristina Chacón Gómez,NA,NA,2025-08-02T11:49:05Z,NA,COORDINATE_ROUNDED,-74.116944,11.331361
2993587676,f13e2caf-5093-4f9a-9de6-e38775b5a737,INVEMAR:SIMAC:InvVag:MIN-1:2008:S3:002107,Animalia,Echinodermata,Echinoidea,Camarodonta,Echinometridae,Echinometra,Echinometra lucunter,NA,SPECIES,"Echinometra lucunter (Linnaeus, 1758)",Echinometra lucunter,"(Linnaeus, 1758)",CO,"Parque Nacional Natural Corales del Rosario y San Bernardo, Noroeste Isla Mucura Minalta Estación MIN 1",Bolívar,PRESENT,NA,f072f648-b8a4-47a0-9e1c-89d790645b5a,NA,NA,NA,NA,6.5,0.5,2008-09-30,30,9,2008,2278861,2278861,HUMAN_OBSERVATION,Instituto de Investigaciones Marinas y Costeras “José Benito Vives de Andréis” (Invemar),NA,NA,NA,NA,NA,CC_BY_4_0,NA,Catalina Casas;Laura Muñoz Escobar,NA,NA,2025-08-02T11:49:05Z,NA,COORDINATE_ROUNDED,-75.923389,9.790583
2993587609,f13e2caf-5093-4f9a-9de6-e38775b5a737,INVEMAR:SIMAC:InvVag:CAN-2:2006:M5:001733,Animalia,Echinodermata,Echinoidea,Camarodonta,Echinometridae,Echinometra,Echinometra lucunter,NA,SPECIES,"Echinometra lucunter (Linnaeus, 1758)",Echinometra lucunter,"(Linnaeus, 1758)",CO,"Reserva de Biosfera Sea Flower, El Canal Estación CAN 2","Archipiélago de San Andrés, Providencia y Santa Catalina",PRESENT,NA,f072f648-b8a4-47a0-9e1c-89d790645b5a,NA,NA,NA,NA,15,3,2006-09-27,27,9,2006,2278861,2278861,HUMAN_OBSERVATION,Instituto de Investigaciones Marinas y Costeras “José Benito Vives de Andréis” (Invemar),NA,NA,NA,NA,NA,CC_BY_4_0,NA,Nicasio Howard;Katherine Bernal,NA,NA,2025-08-02T11:49:05Z,NA,COORDINATE_ROUNDED;CONTINENT_COORDINATE_MISMATCH,-81.397067,13.398717
2993587252,f13e2caf-5093-4f9a-9de6-e38775b5a737,INVEMAR:SIMAC:InvVag:ACU-1:2017:S3:003302,Animalia,Echinodermata,Echinoidea,Camarodonta,Echinometridae,Echinometra,Echinometra lucunter,NA,SPECIES,"Echinometra lucunter (Linnaeus, 1758)",Echinometra lucunter,"(Linnaeus, 1758)",CO,"Reserva de Biosfera Sea Flower, Acuario Estación ACU 1","Archipiélago de San Andrés, Providencia y Santa Catalina",PRESENT,NA,f072f648-b8a4-47a0-9e1c-89d790645b5a,NA,NA,NA,NA,4.5,1.5,2017-09-02,2,9,2017,2278861,2278861,HUMAN_OBSERVATION,Instituto de Investigaciones Marinas y Costeras “José Benito Vives de Andréis” (Invemar),NA,NA,NA,NA,NA,CC_BY_4_0,NA,Laura Sanchez Valencia,NA,NA,2025-08-02T11:49:04Z,NA,COORDINATE_ROUNDED;CONTINENT_COORDINATE_MISMATCH,-81.695617,12.555183
2993587193,f13e2caf-5093-4f9a-9de6-e38775b5a737,INVEMAR:SIMAC:InvVag:EMI-2:2017:M4:003286,Animalia,Echinodermata,Echinoidea,Camarodonta,Echinometridae,Echinometra,Echinometra lucunter,NA,SPECIES,"Echinometra lucunter (Linnaeus, 1758)",Echinometra lucunter,"(Linnaeus, 1758)",CO,"Reserva de Biosfera Sea Flower, Emisario Estación EMI 2","Archipiélago de San Andrés, Providencia y Santa Catalina",PRESENT,NA,f072f648-b8a4-47a0-9e1c-89d790645b5a,NA,NA,NA,NA,10.5,1.5,2017-09-01,1,9,2017,2278861,2278861,HUMAN_OBSERVATION,Instituto de Investigaciones Marinas y Costeras “José Benito Vives de Andréis” (Invemar),NA,NA,NA,NA,NA,CC_BY_4_0,NA,Laura Sanchez Valencia,NA,NA,2025-08-02T11:49:04Z,NA,CONTINENT_COORDINATE_MISMATCH,-81.7258,12.5687
2993585845,f13e2caf-5093-4f9a-9de6-e38775b5a737,INVEMAR:SIMAC:InvVag:SFE-2:2006:M1:001747,Animalia,Echinodermata,Echinoidea,Camarodonta,Echinometridae,Echinometra,Echinometra lucunter,NA,SPECIES,"Echinometra lucunter (Linnaeus, 1758)",Echinometra lucunter,"(Linnaeus, 1758)",CO,"Reserva de Biosfera Sea Flower, San Felipe Estación SFE 2","Archipiélago de San Andrés, Providencia y Santa Catalina",PRESENT,NA,f072f648-b8a4-47a0-9e1c-89d790645b5a,NA,NA,NA,NA,11.5,0.5,2006-09-28,28,9,2006,2278861,2278861,HUMAN_OBSERVATION,Instituto de Investigaciones Marinas y Costeras “José Benito Vives de Andréis” (Invemar),NA,NA,NA,NA,NA,CC_BY_4_0,NA,Nicasio Howard;Katherine Bernal,NA,NA,2025-08-02T11:49:04Z,NA,COORDINATE_ROUNDED;CONTINENT_COORDINATE_MISMATCH,-81.414394,13.365517
2993586389,f13e2caf-5093-4f9a-9de6-e38775b5a737,INVEMAR:SIMAC:InvVag:VAR-1:2018:S4:003369,Animalia,Echinodermata,Echinoidea,Camarodonta,Echinometridae,Echinometra,Echinometra lucunter,NA,SPECIES,"Echinometra lucunter (Linnaeus, 1758)",Echinometra lucunter,"(Linnaeus, 1758)",CO,"Parque Nacional Natural Corales del Rosario y San Bernardo, Cartagena, Varadero Estación VAR 1",Bolívar,PRESENT,NA,f072f648-b8a4-47a0-9e1c-89d790645b5a,NA,NA,NA,NA,4.25,1.75,2018-04-28,28,4,2018,2278861,2278861,HUMAN_OBSERVATION,Instituto de Investigaciones Marinas y Costeras “José Benito Vives de Andréis” (Invemar),NA,NA,NA,NA,NA,CC_BY_4_0,NA,Laura Sanchez Valencia,NA,NA,2025-08-02T11:49:04Z,NA,NA,-75.585069,10.308042
2993585991,f13e2caf-5093-4f9a-9de6-e38775b5a737,INVEMAR:SIMAC:InvVag:CAN-1:2001:S1:000167,Animalia,Echinodermata,Echinoidea,Camarodonta,Echinometridae,Echinometra,Echinometra lucunter,NA,SPECIES,"Echinometra lucunter (Linnaeus, 1758)",Echinometra lucunter,"(Linnaeus, 1758)",CO,"Reserva de Biosfera Sea Flower, El Canal Estación CAN 1","Archipiélago de San Andrés, Providencia y Santa Catalina",PRESENT,NA,f072f648-b8a4-47a0-9e1c-89d790645b5a,NA,NA,NA,NA,10.5,1.5,2001-10-22,22,10,2001,2278861,2278861,HUMAN_OBSERVATION,Instituto de Investigaciones Marinas y Costeras “José Benito Vives de Andréis” (Invemar),NA,NA,NA,NA,NA,CC_BY_4_0,NA,Valeria Pizarro;Sonia Bejarano,NA,NA,2025-08-02T11:49:04Z,NA,COORDINATE_ROUNDED;CONTINENT_COORDINATE_MISMATCH,-81.390633,13.388767
2993585432,f13e2caf-5093-4f9a-9de6-e38775b5a737,INVEMAR:SIMAC:InvVag:CAP-2:2002:M2:000439,Animalia,Echinodermata,Echinoidea,Camarodonta,Echinometridae,Echinometra,Echinometra lucunter,NA,SPECIES,"Echinometra lucunter (Linnaeus, 1758)",Echinometra lucunter,"(Linnaeus, 1758)",CO,Ensenada Capurganá Estación CAP 2,Chocó,PRESENT,NA,f072f648-b8a4-47a0-9e1c-89d790645b5a,NA,NA,NA,NA,10,2,2002-07-01,1,7,2002,2278861,2278861,HUMAN_OBSERVATION,Instituto de Investigaciones Marinas y Costeras “José Benito Vives de Andréis” (Invemar),NA,NA,NA,NA,NA,CC_BY_4_0,NA,Oscar Caucali;Nelson Manrique,NA,NA,2025-08-02T11:49:04Z,NA,COORDINATE_ROUNDED,-77.33625,8.642056
2979609597,040c5662-da76-4782-a48e-cdea1892d14c,ABBAI2054-17,Animalia,Echinodermata,Echinoidea,Camarodonta,Echinometridae,Echinometra,Echinometra lucunter,NA,UNRANKED,BOLD:ABA2440,BOLD:ABA2440,NA,PA,NA,Bocas Del Toro,PRESENT,NA,b3bf3a83-1f68-4541-a03f-330d30d567f5,NA,NA,NA,NA,15,0,2016-02-26,26,2,2016,10804266,2278861,MATERIAL_SAMPLE,No Voucher Tissue,NA,NA,NA,Rachel Collin,NA,CC_BY_4_0,NA,Rachel Collin and Michael J. Boyle,NA,NA,2025-07-20T08:42:08Z,StillImage,GEODETIC_DATUM_ASSUMED_WGS84;COORDINATE_PRECISION_INVALID;COUNTRY_DERIVED_FROM_COORDINATES;CONTINENT_DERIVED_FROM_COORDINATES;TAXON_CONCEPT_ID_NOT_FOUND;TAXON_ID_NOT_FOUND;INSTITUTION_MATCH_NONE,-82.26,9.34
2979543417,040c5662-da76-4782-a48e-cdea1892d14c,ABBAI471-15,Animalia,Echinodermata,Echinoidea,Camarodonta,Echinometridae,Echinometra,Echinometra lucunter,NA,UNRANKED,BOLD:ABA2440,BOLD:ABA2440,NA,PA,in front of STRI point,Bocas Del Toro,PRESENT,NA,b3bf3a83-1f68-4541-a03f-330d30d567f5,NA,NA,NA,NA,15,0,2013-07-03,3,7,2013,10804266,2278861,MATERIAL_SAMPLE,No Voucher Tissue,NA,NA,NA,Rachel Collin,NA,CC_BY_4_0,NA,Eduardo Zattara/Gaston Alurralde,NA,NA,2025-07-20T08:40:19Z,StillImage,GEODETIC_DATUM_ASSUMED_WGS84;COUNTRY_DERIVED_FROM_COORDINATES;CONTINENT_DERIVED_FROM_COORDINATES;TAXON_CONCEPT_ID_NOT_FOUND;TAXON_ID_NOT_FOUND;INSTITUTION_MATCH_NONE,-82.267,9.34775
2630869075,e6dc2144-bccb-4ac0-95f8-935d32c6144b,fce5c61b7c4fe5323fd51ecbf2fdaa4e,Animalia,Echinodermata,Echinoidea,Camarodonta,Echinometridae,Echinometra,Echinometra lucunter,NA,SPECIES,"Echinometra lucunter (Linnaeus, 1758)",Echinometra lucunter,"(Linnaeus, 1758)",MX,"Enmedio Reef, Veracruz, Gulf of Mexico, Mexico",Veracruz de ignacio de la llave,PRESENT,1,ff90b050-c256-11db-b71b-b8a03c50a862,80,NA,0,0,2,0,2005-03-01,1,3,2005,2278861,2278861,PRESERVED_SPECIMEN,ICML-UNAM,CNE,4.61.106,NA,E. V. Celaya-Hernández; M. A. Gordillo-Hernández,NA,CC_BY_4_0,Comisión Nacional para el Conocimiento y Uso de la Biodiversidad (CONABIO),J. S. Hernández-Álvarez; A. Granados-Barba,NotAType,NA,2025-07-05T01:57:53Z,NA,COORDINATE_ROUNDED;GEODETIC_DATUM_INVALID;GEODETIC_DATUM_ASSUMED_WGS84;CONTINENT_DERIVED_FROM_COORDINATES;SCIENTIFIC_NAME_ID_NOT_FOUND;TAXON_ID_NOT_FOUND;OCCURRENCE_STATUS_INFERRED_FROM_INDIVIDUAL_COUNT;INSTITUTION_MATCH_NONE,-95.937222,19.104444
2630867679,e6dc2144-bccb-4ac0-95f8-935d32c6144b,6a0f82ffd152f5ad381ea9f8c24f5a3d,Animalia,Echinodermata,Echinoidea,Camarodonta,Echinometridae,Echinometra,Echinometra lucunter,NA,SPECIES,"Echinometra lucunter (Linnaeus, 1758)",Echinometra lucunter,"(Linnaeus, 1758)",MX,"Puerto Morelos, lado Sur de la zona arrecifal de Punta Brava, Quintana Roo, Mar Caribe, México",Quintana roo,PRESENT,1,ff90b050-c256-11db-b71b-b8a03c50a862,70,NA,0,0,1,1,2000-03-07,7,3,2000,2278861,2278861,PRESERVED_SPECIMEN,ICML-UNAM,CNE,4.61.76,NA,S. Ariza-Mancio,NA,CC_BY_4_0,Comisión Nacional para el Conocimiento y Uso de la Biodiversidad (CONABIO),A. Laguarda-Figueras; A. Durán-González; J. Torres-Vega; E. Mata-Pérez; S. Frontana-Uribe; A. Rojas-Santoyo; A. Frontana-Uribe; B. S. Gómez-Carriedo; A. Medina-Cárcamo,NotAType,NA,2025-07-05T01:57:53Z,NA,COORDINATE_ROUNDED;GEODETIC_DATUM_INVALID;GEODETIC_DATUM_ASSUMED_WGS84;CONTINENT_DERIVED_FROM_COORDINATES;SCIENTIFIC_NAME_ID_NOT_FOUND;TAXON_ID_NOT_FOUND;DEPTH_MIN_MAX_SWAPPED;OCCURRENCE_STATUS_INFERRED_FROM_INDIVIDUAL_COUNT;INSTITUTION_MATCH_NONE,-86.9125,20.806111
2630866353,e6dc2144-bccb-4ac0-95f8-935d32c6144b,3313e50b2c2101a7b8159b809cad4d84,Animalia,Echinodermata,Echinoidea,Camarodonta,Echinometridae,Echinometra,Echinometra lucunter,NA,SPECIES,"Echinometra lucunter (Linnaeus, 1758)",Echinometra lucunter,"(Linnaeus, 1758)",MX,"Arrecife Hornos, Veracruz, Veracruz, Golfo de México",Veracruz de ignacio de la llave,PRESENT,3,ff90b050-c256-11db-b71b-b8a03c50a862,80,NA,0,0,1,0,2004-06-05,5,6,2004,2278861,2278861,PRESERVED_SPECIMEN,ICML-UNAM,CNE,4.61.107,NA,Domínguez,NA,CC_BY_4_0,Comisión Nacional para el Conocimiento y Uso de la Biodiversidad (CONABIO),R. Rojas,NotAType,NA,2025-07-05T01:57:50Z,NA,COORDINATE_ROUNDED;GEODETIC_DATUM_INVALID;GEODETIC_DATUM_ASSUMED_WGS84;CONTINENT_DERIVED_FROM_COORDINATES;SCIENTIFIC_NAME_ID_NOT_FOUND;TAXON_ID_NOT_FOUND;OCCURRENCE_STATUS_INFERRED_FROM_INDIVIDUAL_COUNT;INSTITUTION_MATCH_NONE,-96.126344,19.195481
2630866963,e6dc2144-bccb-4ac0-95f8-935d32c6144b,3fe2868fbd8d6ce83558b0f788afea72,Animalia,Echinodermata,Echinoidea,Camarodonta,Echinometridae,Echinometra,Echinometra lucunter,NA,SPECIES,"Echinometra lucunter (Linnaeus, 1758)",Echinometra lucunter,"(Linnaeus, 1758)",MX,"Enmedio Reef, Veracruz, Gulf of Mexico, Mexico",Veracruz de ignacio de la llave,PRESENT,1,ff90b050-c256-11db-b71b-b8a03c50a862,80,NA,0,0,3,0,2005-04-09,9,4,2005,2278861,2278861,PRESERVED_SPECIMEN,ICML-UNAM,CNE,4.61.104,NA,E. V. Celaya-Hernández; M. A. Gordillo-Hernández,NA,CC_BY_4_0,Comisión Nacional para el Conocimiento y Uso de la Biodiversidad (CONABIO),F. A. Solís-Marín; B. Salguero-Silva; E. I. Guzmán; G. Santamaría-López; M. A. Gordillo-Hernández,NotAType,NA,2025-07-05T01:57:52Z,NA,COORDINATE_ROUNDED;GEODETIC_DATUM_INVALID;GEODETIC_DATUM_ASSUMED_WGS84;CONTINENT_DERIVED_FROM_COORDINATES;SCIENTIFIC_NAME_ID_NOT_FOUND;TAXON_ID_NOT_FOUND;OCCURRENCE_STATUS_INFERRED_FROM_INDIVIDUAL_COUNT;INSTITUTION_MATCH_NONE,-95.935833,19.114444
2630865519,e6dc2144-bccb-4ac0-95f8-935d32c6144b,71f2ecead500dedb6714708208f6cd14,Animalia,Echinodermata,Echinoidea,Camarodonta,Echinometridae,Echinometra,Echinometra lucunter,NA,SPECIES,"Echinometra lucunter (Linnaeus, 1758)",Echinometra lucunter,"(Linnaeus, 1758)",MX,"1200 metros al Sur de Muelle de Cubos, Puerto Morelos, Quintana Roo, Mar Caribe, México",Quintana roo,PRESENT,38,ff90b050-c256-11db-b71b-b8a03c50a862,70,NA,0,0,2,2,2000-03-10,10,3,2000,2278861,2278861,PRESERVED_SPECIMEN,ICML-UNAM,CNE,4.61.85,NA,S. Ariza-Mancio,NA,CC_BY_4_0,Comisión Nacional para el Conocimiento y Uso de la Biodiversidad (CONABIO),A. Laguarda-Figueras; A. Durán-González; J. Torres-Vega; E. Mata-Pérez; S. Frontana-Uribe; A. Rojas-Santoyo; A. Frontana-Uribe; B. S. Gómez-Carriedo; A. Medina-Cárcamo,NotAType,NA,2025-07-05T01:57:50Z,NA,COORDINATE_ROUNDED;GEODETIC_DATUM_INVALID;GEODETIC_DATUM_ASSUMED_WGS84;CONTINENT_DERIVED_FROM_COORDINATES;SCIENTIFIC_NAME_ID_NOT_FOUND;TAXON_ID_NOT_FOUND;DEPTH_MIN_MAX_SWAPPED;OCCURRENCE_STATUS_INFERRED_FROM_INDIVIDUAL_COUNT;INSTITUTION_MATCH_NONE,-86.830555,20.823056
2630864229,e6dc2144-bccb-4ac0-95f8-935d32c6144b,bebbbe8ed61823760fc1c3f2a48e82cb,Animalia,Echinodermata,Echinoidea,Camarodonta,Echinometridae,Echinometra,Echinometra lucunter,NA,SPECIES,"Echinometra lucunter (Linnaeus, 1758)",Echinometra lucunter,"(Linnaeus, 1758)",MX,"Isla Verde, Veracruz, Veracruz, Golfo de México, México",Veracruz de ignacio de la llave,PRESENT,1,ff90b050-c256-11db-b71b-b8a03c50a862,80,NA,0,0,1.2,0,2001-10-12,12,10,2001,2278861,2278861,PRESERVED_SPECIMEN,ICML-UNAM,CNE,4.61.91,NA,E. V. Celaya-Hernández,NA,CC_BY_4_0,Comisión Nacional para el Conocimiento y Uso de la Biodiversidad (CONABIO),E. V. Celaya-Hernández,NotAType,NA,2025-07-05T01:57:53Z,NA,COORDINATE_ROUNDED;GEODETIC_DATUM_INVALID;GEODETIC_DATUM_ASSUMED_WGS84;CONTINENT_DERIVED_FROM_COORDINATES;SCIENTIFIC_NAME_ID_NOT_FOUND;TAXON_ID_NOT_FOUND;OCCURRENCE_STATUS_INFERRED_FROM_INDIVIDUAL_COUNT;INSTITUTION_MATCH_NONE,-96.068611,19.201111
2630862945,e6dc2144-bccb-4ac0-95f8-935d32c6144b,f6c46e7a3fdf760b55861bbcbdfff7ae,Animalia,Echinodermata,Echinoidea,Camarodonta,Echinometridae,Echinometra,Echinometra lucunter,NA,SPECIES,"Echinometra lucunter (Linnaeus, 1758)",Echinometra lucunter,"(Linnaeus, 1758)",MX,"Isla de Sacrificios, Veracruz, Veracruz, Golfo de México, México",Veracruz de ignacio de la llave,PRESENT,1,ff90b050-c256-11db-b71b-b8a03c50a862,80,NA,0,0,1,1,2004-06-07,7,6,2004,2278861,2278861,PRESERVED_SPECIMEN,ICML-UNAM,CNE,4.61.96,NA,E. V. Celaya-Hernández; M. A. Gordillo-Hernández,NA,CC_BY_4_0,Comisión Nacional para el Conocimiento y Uso de la Biodiversidad (CONABIO),A. Granados-Barba; J. A. Pérez-Nava,NotAType,NA,2025-07-05T01:57:48Z,NA,COORDINATE_ROUNDED;GEODETIC_DATUM_INVALID;GEODETIC_DATUM_ASSUMED_WGS84;CONTINENT_DERIVED_FROM_COORDINATES;SCIENTIFIC_NAME_ID_NOT_FOUND;TAXON_ID_NOT_FOUND;DEPTH_MIN_MAX_SWAPPED;OCCURRENCE_STATUS_INFERRED_FROM_INDIVIDUAL_COUNT;INSTITUTION_MATCH_NONE,-96.095278,19.18
2595552472,b3b7d5c4-f73a-475b-a203-c6a1ddd040cd,2017_Tres Palmas 5m_4aEchinometra_lucunter,Animalia,Echinodermata,Echinoidea,Camarodonta,Echinometridae,Echinometra,Echinometra lucunter,NA,SPECIES,"Echinometra lucunter (Linnaeus, 1758)",Echinometra lucunter,NA,PR,Tres Palmas 5m,NA,PRESENT,NA,c3ad790a-d426-4ac1-8e32-da61f81f0117,NA,NA,NA,NA,4,4,2017-05,NA,5,2017,2278861,2278861,HUMAN_OBSERVATION,NA,NA,NA,NA,NA,NA,CC0_1_0,Departament of Natural and Environmental Resources of Puerto Rico,NA,NA,NA,2025-07-31T12:10:24Z,NA,GEODETIC_DATUM_INVALID;GEODETIC_DATUM_ASSUMED_WGS84;CONTINENT_DERIVED_FROM_COORDINATES;REFERENCES_URI_INVALID,-67.26688,18.35072
2595529851,b3b7d5c4-f73a-475b-a203-c6a1ddd040cd,2019_Maria Langa 5m_4aEchinometra_lucunter,Animalia,Echinodermata,Echinoidea,Camarodonta,Echinometridae,Echinometra,Echinometra lucunter,NA,SPECIES,"Echinometra lucunter (Linnaeus, 1758)",Echinometra lucunter,NA,PR,Maria Langa 5m,NA,PRESENT,NA,c3ad790a-d426-4ac1-8e32-da61f81f0117,NA,NA,NA,NA,4,4,2019-08,NA,8,2019,2278861,2278861,HUMAN_OBSERVATION,NA,NA,NA,NA,NA,NA,CC0_1_0,Departament of Natural and Environmental Resources of Puerto Rico,NA,NA,NA,2025-07-31T12:10:24Z,NA,GEODETIC_DATUM_INVALID;GEODETIC_DATUM_ASSUMED_WGS84;CONTINENT_DERIVED_FROM_COORDINATES;REFERENCES_URI_INVALID,-66.7563,17.9649
2595218395,b3b7d5c4-f73a-475b-a203-c6a1ddd040cd,2015_Reserva Isla Verde_5aEchinometra_lucunter,Animalia,Echinodermata,Echinoidea,Camarodonta,Echinometridae,Echinometra,Echinometra lucunter,NA,SPECIES,"Echinometra lucunter (Linnaeus, 1758)",Echinometra lucunter,NA,PR,Reserva Isla Verde,NA,PRESENT,NA,c3ad790a-d426-4ac1-8e32-da61f81f0117,NA,NA,NA,NA,4,4,2015-10,NA,10,2015,2278861,2278861,HUMAN_OBSERVATION,NA,NA,NA,NA,NA,NA,CC0_1_0,Departament of Natural and Environmental Resources of Puerto Rico,NA,NA,NA,2025-07-31T12:10:34Z,NA,GEODETIC_DATUM_INVALID;GEODETIC_DATUM_ASSUMED_WGS84;CONTINENT_DERIVED_FROM_COORDINATES;REFERENCES_URI_INVALID,-66.01738,18.44883
2595155871,b3b7d5c4-f73a-475b-a203-c6a1ddd040cd,2015_Cayo Aurora_4aEchinometra_lucunter,Animalia,Echinodermata,Echinoidea,Camarodonta,Echinometridae,Echinometra,Echinometra lucunter,NA,SPECIES,"Echinometra lucunter (Linnaeus, 1758)",Echinometra lucunter,NA,PR,Cayo Aurora,NA,PRESENT,NA,c3ad790a-d426-4ac1-8e32-da61f81f0117,NA,NA,NA,NA,4,4,2015-10,NA,10,2015,2278861,2278861,HUMAN_OBSERVATION,NA,NA,NA,NA,NA,NA,CC0_1_0,Departament of Natural and Environmental Resources of Puerto Rico,NA,NA,NA,2025-07-31T12:10:22Z,NA,GEODETIC_DATUM_INVALID;GEODETIC_DATUM_ASSUMED_WGS84;CONTINENT_DERIVED_FROM_COORDINATES;REFERENCES_URI_INVALID,-66.87385,17.93657
2595101431,b3b7d5c4-f73a-475b-a203-c6a1ddd040cd,2013_Esperanza_3aEchinometra_lucunter,Animalia,Echinodermata,Echinoidea,Camarodonta,Echinometridae,Echinometra,Echinometra lucunter,NA,SPECIES,"Echinometra lucunter (Linnaeus, 1758)",Echinometra lucunter,NA,PR,Esperanza,NA,PRESENT,NA,c3ad790a-d426-4ac1-8e32-da61f81f0117,NA,NA,NA,NA,11,3,2013-10,NA,10,2013,2278861,2278861,HUMAN_OBSERVATION,NA,NA,NA,NA,NA,NA,CC0_1_0,Departament of Natural and Environmental Resources of Puerto Rico,NA,NA,NA,2025-07-31T12:10:34Z,NA,GEODETIC_DATUM_INVALID;GEODETIC_DATUM_ASSUMED_WGS84;CONTINENT_DERIVED_FROM_COORDINATES;REFERENCES_URI_INVALID,-65.48794,18.08057
2595016722,b3b7d5c4-f73a-475b-a203-c6a1ddd040cd,2010_Las Carmelitas_1aEchinometra_lucunter,Animalia,Echinodermata,Echinoidea,Camarodonta,Echinometridae,Echinometra,Echinometra lucunter,NA,SPECIES,"Echinometra lucunter (Linnaeus, 1758)",Echinometra lucunter,NA,PR,Las Carmelitas,NA,PRESENT,NA,c3ad790a-d426-4ac1-8e32-da61f81f0117,NA,NA,NA,NA,11,3,2010-08,NA,8,2010,2278861,2278861,HUMAN_OBSERVATION,NA,NA,NA,NA,NA,NA,CC0_1_0,Departament of Natural and Environmental Resources of Puerto Rico,NA,NA,NA,2025-07-31T12:10:34Z,NA,GEODETIC_DATUM_INVALID;GEODETIC_DATUM_ASSUMED_WGS84;CONTINENT_DERIVED_FROM_COORDINATES;REFERENCES_URI_INVALID,-67.93833,18.09872
2594977872,b3b7d5c4-f73a-475b-a203-c6a1ddd040cd,2008_West Reef_5aEchinometra_lucunter,Animalia,Echinodermata,Echinoidea,Camarodonta,Echinometridae,Echinometra,Echinometra lucunter,NA,SPECIES,"Echinometra lucunter (Linnaeus, 1758)",Echinometra lucunter,NA,PR,West Reef,NA,PRESENT,NA,c3ad790a-d426-4ac1-8e32-da61f81f0117,NA,NA,NA,NA,4,4,2008-03,NA,3,2008,2278861,2278861,HUMAN_OBSERVATION,NA,NA,NA,NA,NA,NA,CC0_1_0,Departament of Natural and Environmental Resources of Puerto Rico,NA,NA,NA,2025-07-31T12:10:17Z,NA,GEODETIC_DATUM_INVALID;GEODETIC_DATUM_ASSUMED_WGS84;CONTINENT_DERIVED_FROM_COORDINATES;REFERENCES_URI_INVALID,-66.52824,17.89507
2594938684,b3b7d5c4-f73a-475b-a203-c6a1ddd040cd,2007_Tres Palmas 10m_1aEchinometra_lucunter,Animalia,Echinodermata,Echinoidea,Camarodonta,Echinometridae,Echinometra,Echinometra lucunter,NA,SPECIES,"Echinometra lucunter (Linnaeus, 1758)",Echinometra lucunter,NA,PR,Tres Palmas 10m,NA,PRESENT,NA,c3ad790a-d426-4ac1-8e32-da61f81f0117,NA,NA,NA,NA,11,3,2007-06,NA,6,2007,2278861,2278861,HUMAN_OBSERVATION,NA,NA,NA,NA,NA,NA,CC0_1_0,Departament of Natural and Environmental Resources of Puerto Rico,NA,NA,NA,2025-07-31T12:10:25Z,NA,GEODETIC_DATUM_INVALID;GEODETIC_DATUM_ASSUMED_WGS84;CONTINENT_DERIVED_FROM_COORDINATES;REFERENCES_URI_INVALID,-67.26997,18.34732
2594848737,b3b7d5c4-f73a-475b-a203-c6a1ddd040cd,2004_North Caballo Blanco_3aEchinometra_lucunter,Animalia,Echinodermata,Echinoidea,Camarodonta,Echinometridae,Echinometra,Echinometra lucunter,NA,SPECIES,"Echinometra lucunter (Linnaeus, 1758)",Echinometra lucunter,NA,PR,North Caballo Blanco,NA,PRESENT,NA,c3ad790a-d426-4ac1-8e32-da61f81f0117,NA,NA,NA,NA,4,4,2004-06,NA,6,2004,2278861,2278861,HUMAN_OBSERVATION,NA,NA,NA,NA,NA,NA,CC0_1_0,Departament of Natural and Environmental Resources of Puerto Rico,NA,NA,NA,2025-07-31T12:10:30Z,NA,GEODETIC_DATUM_INVALID;GEODETIC_DATUM_ASSUMED_WGS84;CONTINENT_DERIVED_FROM_COORDINATES;REFERENCES_URI_INVALID,-65.46715,18.05532
2594839444,b3b7d5c4-f73a-475b-a203-c6a1ddd040cd,2001_West Caballo Blanco_5aEchinometra_lucunter,Animalia,Echinodermata,Echinoidea,Camarodonta,Echinometridae,Echinometra,Echinometra lucunter,NA,SPECIES,"Echinometra lucunter (Linnaeus, 1758)",Echinometra lucunter,NA,PR,West Caballo Blanco,NA,PRESENT,NA,c3ad790a-d426-4ac1-8e32-da61f81f0117,NA,NA,NA,NA,4,4,2001-05,NA,5,2001,2278861,2278861,HUMAN_OBSERVATION,NA,NA,NA,NA,NA,NA,CC0_1_0,Departament of Natural and Environmental Resources of Puerto Rico,NA,NA,NA,2025-07-31T12:10:24Z,NA,GEODETIC_DATUM_INVALID;GEODETIC_DATUM_ASSUMED_WGS84;CONTINENT_DERIVED_FROM_COORDINATES;REFERENCES_URI_INVALID,-65.46877,18.17162
2594829400,b3b7d5c4-f73a-475b-a203-c6a1ddd040cd,2001_Mosquito_2aEchinometra_lucunter,Animalia,Echinodermata,Echinoidea,Camarodonta,Echinometridae,Echinometra,Echinometra lucunter,NA,SPECIES,"Echinometra lucunter (Linnaeus, 1758)",Echinometra lucunter,NA,PR,Mosquito,NA,PRESENT,NA,c3ad790a-d426-4ac1-8e32-da61f81f0117,NA,NA,NA,NA,11,3,2001-05,NA,5,2001,2278861,2278861,HUMAN_OBSERVATION,NA,NA,NA,NA,NA,NA,CC0_1_0,Departament of Natural and Environmental Resources of Puerto Rico,NA,NA,NA,2025-07-31T12:10:20Z,NA,GEODETIC_DATUM_INVALID;GEODETIC_DATUM_ASSUMED_WGS84;CONTINENT_DERIVED_FROM_COORDINATES;REFERENCES_URI_INVALID,-65.51913,18.1634
2270458644,888f0578-bef9-41f6-a687-19137510a437,UNAL_CECIMAR:SEAFLOWER2018:EQUINO:53,Animalia,Echinodermata,Echinoidea,Camarodonta,Echinometridae,Echinometra,Echinometra lucunter,lucunter,SUBSPECIES,"Echinometra lucunter lucunter (Linnaeus, 1758)",Echinometra lucunter lucunter,"(Linnaeus, 1758)",CO,Albuquerque,"Archipiélago de San Andrés, Providencia y Santa Catalina",PRESENT,1,eac88d99-9f6c-4031-8fc4-8088f0e0dfe7,NA,NA,NA,NA,1.5,0,2018-09-28,28,9,2018,7189075,2278861,HUMAN_OBSERVATION,Universidad Nacional de Colombia (UNAL),MHNMC,En proceso de catalogación,CCO_2018_ECHI_ALB_053,Andrea Dueñas,2018-09-28T00:00:00Z,CC_BY_NC_4_0,NA,Andrea Dueñas,NA,NA,2025-07-31T12:17:07Z,NA,CONTINENT_COORDINATE_MISMATCH,-81.8403,12.1605
2270458627,888f0578-bef9-41f6-a687-19137510a437,UNAL_CECIMAR:SEAFLOWER2018:EQUINO:141,Animalia,Echinodermata,Echinoidea,Camarodonta,Echinometridae,Echinometra,Echinometra lucunter,lucunter,SUBSPECIES,"Echinometra lucunter lucunter (Linnaeus, 1758)",Echinometra lucunter lucunter,"(Linnaeus, 1758)",CO,Albuquerque,"Archipiélago de San Andrés, Providencia y Santa Catalina",PRESENT,6,eac88d99-9f6c-4031-8fc4-8088f0e0dfe7,NA,NA,NA,NA,7.05,1.5499999999999998,2018-09-28,28,9,2018,7189075,2278861,MACHINE_OBSERVATION,Universidad Nacional de Colombia (UNAL),Instituto de Investigaciones Marinas y Costeras José Benito Vives de Andréis (INVEMAR),UNAL_CECIMAR:SEAFLOWER2018:EQUINO:141,CCO_2018_ECHI_ALB_141,Andrea Dueñas,2018-09-28T00:00:00Z,CC_BY_NC_4_0,NA,Brigitte Gavio,NA,NA,2025-07-31T12:17:06Z,NA,CONTINENT_COORDINATE_MISMATCH,-81.8484,12.1554
1913354616,560539d5-7f71-4fd8-998b-ba5b16a55568,INVEMAR:ICSerranilla2017:UES:Bentos:Equ9,Animalia,Echinodermata,Echinoidea,Camarodonta,Echinometridae,Echinometra,Echinometra lucunter,NA,SPECIES,"Echinometra lucunter (Linnaeus, 1758)",Echinometra lucunter,"(Linnaeus, 1758)",CO,Isla Cayo Serranilla,"Archipiélago de San Andrés, Providencia y Santa Catalina",PRESENT,NA,f072f648-b8a4-47a0-9e1c-89d790645b5a,NA,NA,NA,NA,3.3,0,2017-09-23,23,9,2017,2278861,2278861,HUMAN_OBSERVATION,INVEMAR,INV_ICSerranilla_UES_Bentos,INV_ICSerranilla:UES:Bentos:Equ9,Ob9,Giomar Helena Borrero-Pérez,2017-09-23T00:00:00Z,CC_BY_NC_4_0,INVEMAR,Giomar Helena Borrero-Pérez,NA,NA,2025-07-31T12:16:15Z,NA,COORDINATE_ROUNDED;CONTINENT_COORDINATE_MISMATCH,-79.83236,15.832056
1895698382,eda1016d-1f81-4c43-833f-5ae3f5b12504,421e90167a2188a9a9ecf4442373805a,Animalia,Echinodermata,Echinoidea,Camarodonta,Echinometridae,Echinometra,Echinometra lucunter,NA,SPECIES,"Echinometra lucunter (Linnaeus, 1758)",Echinometra lucunter,"(Linnaeus, 1758)",MX,"Arrecife La Perla, porción central del arrecife",NA,PRESENT,1,ff90b050-c256-11db-b71b-b8a03c50a862,90,NA,0,0,1,1,2013-09-07,7,9,2013,2278861,2278861,HUMAN_OBSERVATION,FCBA-UV,NA,NO APLICA,NA,González Gándara C.; De la Cruz Francisco V.; Argüelles Jiménez J.,NA,CC_BY_4_0,Comisión Nacional para el Conocimiento y Uso de la Biodiversidad (CONABIO),González Gándara C.,NotAType,NA,2025-07-05T04:15:43Z,NA,COORDINATE_ROUNDED;CONTINENT_DERIVED_FROM_COORDINATES;SCIENTIFIC_NAME_ID_NOT_FOUND;TAXON_ID_NOT_FOUND;DEPTH_MIN_MAX_SWAPPED;OCCURRENCE_STATUS_INFERRED_FROM_INDIVIDUAL_COUNT,-94.827861,18.544083
1895698581,eda1016d-1f81-4c43-833f-5ae3f5b12504,64a517c7ea7bd605d84b4c38da51d787,Animalia,Echinodermata,Echinoidea,Camarodonta,Echinometridae,Echinometra,Echinometra lucunter,NA,SPECIES,"Echinometra lucunter (Linnaeus, 1758)",Echinometra lucunter,"(Linnaeus, 1758)",MX,"Arrecife Zapotitlán, área central del arrecife",NA,PRESENT,1,ff90b050-c256-11db-b71b-b8a03c50a862,90,NA,0,0,2,2,2013-09-06,6,9,2013,2278861,2278861,HUMAN_OBSERVATION,FCBA-UV,NA,NO APLICA,NA,González Gándara C.; De la Cruz Francisco V.; Argüelles Jiménez J.,NA,CC_BY_4_0,Comisión Nacional para el Conocimiento y Uso de la Biodiversidad (CONABIO),González Gándara C.,NotAType,NA,2025-07-05T04:15:43Z,NA,COORDINATE_ROUNDED;CONTINENT_DERIVED_FROM_COORDINATES;SCIENTIFIC_NAME_ID_NOT_FOUND;TAXON_ID_NOT_FOUND;DEPTH_MIN_MAX_SWAPPED;OCCURRENCE_STATUS_INFERRED_FROM_INDIVIDUAL_COUNT,-94.782111,18.510194
1895698548,eda1016d-1f81-4c43-833f-5ae3f5b12504,da54156eb284b682d24480ac198d7be9,Animalia,Echinodermata,Echinoidea,Camarodonta,Echinometridae,Echinometra,Echinometra lucunter,NA,SPECIES,"Echinometra lucunter (Linnaeus, 1758)",Echinometra lucunter,"(Linnaeus, 1758)",MX,"Arrecife Blanquilla, al este de barlovento",NA,PRESENT,1,ff90b050-c256-11db-b71b-b8a03c50a862,70,NA,0,0,2.5,2.5,2013-03-23,23,3,2013,2278861,2278861,HUMAN_OBSERVATION,FCBA-UV,NA,NO APLICA,NA,González Gándara C.; De la Cruz Francisco V.; Argüelles Jiménez J.,NA,CC_BY_4_0,Comisión Nacional para el Conocimiento y Uso de la Biodiversidad (CONABIO),Argüelles Jiménez J.,NotAType,NA,2025-07-05T04:15:43Z,NA,COORDINATE_ROUNDED;CONTINENT_DERIVED_FROM_COORDINATES;SCIENTIFIC_NAME_ID_NOT_FOUND;TAXON_ID_NOT_FOUND;DEPTH_MIN_MAX_SWAPPED;OCCURRENCE_STATUS_INFERRED_FROM_INDIVIDUAL_COUNT,-97.276972,21.544694
1895698484,eda1016d-1f81-4c43-833f-5ae3f5b12504,34e46ee4059da3fd80504a2c9d287b60,Animalia,Echinodermata,Echinoidea,Camarodonta,Echinometridae,Echinometra,Echinometra lucunter,NA,SPECIES,"Echinometra lucunter (Linnaeus, 1758)",Echinometra lucunter,"(Linnaeus, 1758)",MX,"Arrecife La Perla, extremo este del arrecife",NA,PRESENT,1,ff90b050-c256-11db-b71b-b8a03c50a862,90,NA,0,0,3,3,2014-05-06,6,5,2014,2278861,2278861,HUMAN_OBSERVATION,FCBA-UV,NA,NO APLICA,NA,González Gándara C.; De la Cruz Francisco V.; Argüelles Jiménez J.,NA,CC_BY_4_0,Comisión Nacional para el Conocimiento y Uso de la Biodiversidad (CONABIO),De la Cruz Francisco V.,NotAType,NA,2025-07-05T04:15:43Z,NA,COORDINATE_ROUNDED;CONTINENT_DERIVED_FROM_COORDINATES;SCIENTIFIC_NAME_ID_NOT_FOUND;TAXON_ID_NOT_FOUND;DEPTH_MIN_MAX_SWAPPED;OCCURRENCE_STATUS_INFERRED_FROM_INDIVIDUAL_COUNT,-94.809944,18.540111
1895698702,eda1016d-1f81-4c43-833f-5ae3f5b12504,f3fc2388d2c665aa7e8e67e7c20c1941,Animalia,Echinodermata,Echinoidea,Camarodonta,Echinometridae,Echinometra,Echinometra lucunter,NA,SPECIES,"Echinometra lucunter (Linnaeus, 1758)",Echinometra lucunter,"(Linnaeus, 1758)",MX,"Arrecife Zapotitlán, al extremo sur del arrecife",NA,PRESENT,1,ff90b050-c256-11db-b71b-b8a03c50a862,90,NA,0,0,1.5,1.5,2013-09-05,5,9,2013,2278861,2278861,HUMAN_OBSERVATION,FCBA-UV,NA,NO APLICA,NA,González Gándara C.; De la Cruz Francisco V.; Argüelles Jiménez J.,NA,CC_BY_4_0,Comisión Nacional para el Conocimiento y Uso de la Biodiversidad (CONABIO),González Gándara C.,NotAType,NA,2025-07-05T04:15:43Z,NA,COORDINATE_ROUNDED;CONTINENT_DERIVED_FROM_COORDINATES;SCIENTIFIC_NAME_ID_NOT_FOUND;TAXON_ID_NOT_FOUND;DEPTH_MIN_MAX_SWAPPED;OCCURRENCE_STATUS_INFERRED_FROM_INDIVIDUAL_COUNT,-94.775917,18.486972
1895698714,eda1016d-1f81-4c43-833f-5ae3f5b12504,f67f8dece9e49f71ab4a1aa20aa4dc7c,Animalia,Echinodermata,Echinoidea,Camarodonta,Echinometridae,Echinometra,Echinometra lucunter,NA,SPECIES,"Echinometra lucunter (Linnaeus, 1758)",Echinometra lucunter,"(Linnaeus, 1758)",MX,"Arrecife Medio, al sureste de barlovento",NA,PRESENT,1,ff90b050-c256-11db-b71b-b8a03c50a862,70,NA,0,0,2.5,2.5,2013-05-05,5,5,2013,2278861,2278861,PRESERVED_SPECIMEN,FCBA-UV,CI-UV,DF-CC-00170/Ech,NA,González Gándara C.; De la Cruz Francisco V.; Argüelles Jiménez J.,NA,CC_BY_4_0,Comisión Nacional para el Conocimiento y Uso de la Biodiversidad (CONABIO),Argüelles Jiménez J.,NotAType,NA,2025-07-05T04:15:43Z,NA,COORDINATE_ROUNDED;CONTINENT_DERIVED_FROM_COORDINATES;SCIENTIFIC_NAME_ID_NOT_FOUND;TAXON_ID_NOT_FOUND;DEPTH_MIN_MAX_SWAPPED;OCCURRENCE_STATUS_INFERRED_FROM_INDIVIDUAL_COUNT;COLLECTION_MATCH_NONE;INSTITUTION_MATCH_FUZZY;DIFFERENT_OWNER_INSTITUTION,-97.250833,21.50775
1895698496,eda1016d-1f81-4c43-833f-5ae3f5b12504,712fbb3de2bee3968b9f9ceb6f52839d,Animalia,Echinodermata,Echinoidea,Camarodonta,Echinometridae,Echinometra,Echinometra lucunter,NA,SPECIES,"Echinometra lucunter (Linnaeus, 1758)",Echinometra lucunter,"(Linnaeus, 1758)",MX,"Arrecife Zapotitlán, área central del arrecife",NA,PRESENT,1,ff90b050-c256-11db-b71b-b8a03c50a862,90,NA,0,0,6,6,2014-05-07,7,5,2014,2278861,2278861,HUMAN_OBSERVATION,FCBA-UV,NA,NO APLICA,NA,González Gándara C.; De la Cruz Francisco V.; Argüelles Jiménez J.,NA,CC_BY_4_0,Comisión Nacional para el Conocimiento y Uso de la Biodiversidad (CONABIO),González Gándara C.,NotAType,NA,2025-07-05T04:15:43Z,NA,COORDINATE_ROUNDED;CONTINENT_DERIVED_FROM_COORDINATES;SCIENTIFIC_NAME_ID_NOT_FOUND;TAXON_ID_NOT_FOUND;DEPTH_MIN_MAX_SWAPPED;OCCURRENCE_STATUS_INFERRED_FROM_INDIVIDUAL_COUNT,-94.77975,18.509694
1895698532,eda1016d-1f81-4c43-833f-5ae3f5b12504,c694ea57dd5b09172f0b20479d2d53fd,Animalia,Echinodermata,Echinoidea,Camarodonta,Echinometridae,Echinometra,Echinometra lucunter,NA,SPECIES,"Echinometra lucunter (Linnaeus, 1758)",Echinometra lucunter,"(Linnaeus, 1758)",MX,"Arrecife La Perla, extremo oeste del arrecife, inmediaciones del barco undido",NA,PRESENT,1,ff90b050-c256-11db-b71b-b8a03c50a862,90,NA,0,0,1.5,1.5,2013-09-08,8,9,2013,2278861,2278861,HUMAN_OBSERVATION,FCBA-UV,NA,NO APLICA,NA,González Gándara C.; De la Cruz Francisco V.; Argüelles Jiménez J.,NA,CC_BY_4_0,Comisión Nacional para el Conocimiento y Uso de la Biodiversidad (CONABIO),González Gándara C.,NotAType,NA,2025-07-05T04:15:43Z,NA,COORDINATE_ROUNDED;CONTINENT_DERIVED_FROM_COORDINATES;SCIENTIFIC_NAME_ID_NOT_FOUND;TAXON_ID_NOT_FOUND;DEPTH_MIN_MAX_SWAPPED;OCCURRENCE_STATUS_INFERRED_FROM_INDIVIDUAL_COUNT,-94.876694,18.551028
1895698676,eda1016d-1f81-4c43-833f-5ae3f5b12504,d87560bb4fb1725b99e2387c4557093e,Animalia,Echinodermata,Echinoidea,Camarodonta,Echinometridae,Echinometra,Echinometra lucunter,NA,SPECIES,"Echinometra lucunter (Linnaeus, 1758)",Echinometra lucunter,"(Linnaeus, 1758)",MX,"Arrecife Palo Seco, área central del arrecife",NA,PRESENT,1,ff90b050-c256-11db-b71b-b8a03c50a862,90,NA,0,0,7,7,2013-06-16,16,6,2013,2278861,2278861,PRESERVED_SPECIMEN,FCBA-UV,CI-UV,DF-CC-00349/Ech,NA,González Gándara C.; De la Cruz Francisco V.; Argüelles Jiménez J.,NA,CC_BY_4_0,Comisión Nacional para el Conocimiento y Uso de la Biodiversidad (CONABIO),Argüelles Jiménez J.,NotAType,NA,2025-07-05T04:15:43Z,NA,COORDINATE_ROUNDED;CONTINENT_DERIVED_FROM_COORDINATES;SCIENTIFIC_NAME_ID_NOT_FOUND;TAXON_ID_NOT_FOUND;DEPTH_MIN_MAX_SWAPPED;OCCURRENCE_STATUS_INFERRED_FROM_INDIVIDUAL_COUNT;COLLECTION_MATCH_NONE;INSTITUTION_MATCH_FUZZY;DIFFERENT_OWNER_INSTITUTION,-94.524972,18.175389
1895698582,eda1016d-1f81-4c43-833f-5ae3f5b12504,dfae30c0e65e402f5b1e28ac7b9fa629,Animalia,Echinodermata,Echinoidea,Camarodonta,Echinometridae,Echinometra,Echinometra lucunter,NA,SPECIES,"Echinometra lucunter (Linnaeus, 1758)",Echinometra lucunter,"(Linnaeus, 1758)",MX,"Arrecife Zapotitlán, área central del arrecife",NA,PRESENT,1,ff90b050-c256-11db-b71b-b8a03c50a862,90,NA,0,0,2,2,2013-09-06,6,9,2013,2278861,2278861,HUMAN_OBSERVATION,FCBA-UV,NA,NO APLICA,NA,González Gándara C.; De la Cruz Francisco V.; Argüelles Jiménez J.,NA,CC_BY_4_0,Comisión Nacional para el Conocimiento y Uso de la Biodiversidad (CONABIO),González Gándara C.,NotAType,NA,2025-07-05T04:15:43Z,NA,COORDINATE_ROUNDED;CONTINENT_DERIVED_FROM_COORDINATES;SCIENTIFIC_NAME_ID_NOT_FOUND;TAXON_ID_NOT_FOUND;DEPTH_MIN_MAX_SWAPPED;OCCURRENCE_STATUS_INFERRED_FROM_INDIVIDUAL_COUNT,-94.778444,18.497278
1895698644,eda1016d-1f81-4c43-833f-5ae3f5b12504,b4f9a408e649ac3b53b1764efa2ce705,Animalia,Echinodermata,Echinoidea,Camarodonta,Echinometridae,Echinometra,Echinometra lucunter,NA,SPECIES,"Echinometra lucunter (Linnaeus, 1758)",Echinometra lucunter,"(Linnaeus, 1758)",MX,"Arrecife Zapotitlán, área central del arrecife",NA,PRESENT,1,ff90b050-c256-11db-b71b-b8a03c50a862,90,NA,0,0,1.5,1.5,2013-09-07,7,9,2013,2278861,2278861,HUMAN_OBSERVATION,FCBA-UV,NA,NO APLICA,NA,González Gándara C.; De la Cruz Francisco V.; Argüelles Jiménez J.,NA,CC_BY_4_0,Comisión Nacional para el Conocimiento y Uso de la Biodiversidad (CONABIO),González Gándara C.,NotAType,NA,2025-07-05T04:15:43Z,NA,COORDINATE_ROUNDED;CONTINENT_DERIVED_FROM_COORDINATES;SCIENTIFIC_NAME_ID_NOT_FOUND;TAXON_ID_NOT_FOUND;DEPTH_MIN_MAX_SWAPPED;OCCURRENCE_STATUS_INFERRED_FROM_INDIVIDUAL_COUNT,-94.781139,18.500944
1895698660,eda1016d-1f81-4c43-833f-5ae3f5b12504,908b29465235c958dcebd471c5864a8a,Animalia,Echinodermata,Echinoidea,Camarodonta,Echinometridae,Echinometra,Echinometra lucunter,NA,SPECIES,"Echinometra lucunter (Linnaeus, 1758)",Echinometra lucunter,"(Linnaeus, 1758)",MX,"Arrecife La Perla, extremo este del arrecife",NA,PRESENT,1,ff90b050-c256-11db-b71b-b8a03c50a862,90,NA,0,0,2.5,2.5,2013-06-17,17,6,2013,2278861,2278861,HUMAN_OBSERVATION,FCBA-UV,NA,NO APLICA,NA,González Gándara C.; De la Cruz Francisco V.; Argüelles Jiménez J.,NA,CC_BY_4_0,Comisión Nacional para el Conocimiento y Uso de la Biodiversidad (CONABIO),González Gándara C.,NotAType,NA,2025-07-05T04:15:43Z,NA,COORDINATE_ROUNDED;CONTINENT_DERIVED_FROM_COORDINATES;SCIENTIFIC_NAME_ID_NOT_FOUND;TAXON_ID_NOT_FOUND;DEPTH_MIN_MAX_SWAPPED;OCCURRENCE_STATUS_INFERRED_FROM_INDIVIDUAL_COUNT,-94.819194,18.543
1895698645,eda1016d-1f81-4c43-833f-5ae3f5b12504,d370983f8b3ac588312ec204889f6b6c,Animalia,Echinodermata,Echinoidea,Camarodonta,Echinometridae,Echinometra,Echinometra lucunter,NA,SPECIES,"Echinometra lucunter (Linnaeus, 1758)",Echinometra lucunter,"(Linnaeus, 1758)",MX,"Arrecife La Perla, porción central del arrecife",NA,PRESENT,1,ff90b050-c256-11db-b71b-b8a03c50a862,90,NA,0,0,1,1,2013-09-07,7,9,2013,2278861,2278861,HUMAN_OBSERVATION,FCBA-UV,NA,NO APLICA,NA,González Gándara C.; De la Cruz Francisco V.; Argüelles Jiménez J.,NA,CC_BY_4_0,Comisión Nacional para el Conocimiento y Uso de la Biodiversidad (CONABIO),González Gándara C.,NotAType,NA,2025-07-05T04:15:43Z,NA,COORDINATE_ROUNDED;CONTINENT_DERIVED_FROM_COORDINATES;SCIENTIFIC_NAME_ID_NOT_FOUND;TAXON_ID_NOT_FOUND;DEPTH_MIN_MAX_SWAPPED;OCCURRENCE_STATUS_INFERRED_FROM_INDIVIDUAL_COUNT,-94.826583,18.543667
1895698606,eda1016d-1f81-4c43-833f-5ae3f5b12504,d01210f83a8838eb006095f9f607c492,Animalia,Echinodermata,Echinoidea,Camarodonta,Echinometridae,Echinometra,Echinometra lucunter,NA,SPECIES,"Echinometra lucunter (Linnaeus, 1758)",Echinometra lucunter,"(Linnaeus, 1758)",MX,"Arrecife Tripie, extremo sur del arrecife",NA,PRESENT,1,ff90b050-c256-11db-b71b-b8a03c50a862,90,NA,0,0,6,6,2013-08-13,13,8,2013,2278861,2278861,HUMAN_OBSERVATION,FCBA-UV,NA,NO APLICA,NA,González Gándara C.; De la Cruz Francisco V.; Argüelles Jiménez J.,NA,CC_BY_4_0,Comisión Nacional para el Conocimiento y Uso de la Biodiversidad (CONABIO),Argüelles Jiménez J.,NotAType,NA,2025-07-05T04:15:43Z,NA,COORDINATE_ROUNDED;CONTINENT_DERIVED_FROM_COORDINATES;SCIENTIFIC_NAME_ID_NOT_FOUND;TAXON_ID_NOT_FOUND;DEPTH_MIN_MAX_SWAPPED;OCCURRENCE_STATUS_INFERRED_FROM_INDIVIDUAL_COUNT,-94.368028,18.175889
1835182541,60c45f15-135d-42fb-8b8e-dd11c6375ad8,Proyecto Miranda-LEE_0165,Animalia,Echinodermata,Echinoidea,Camarodonta,Echinometridae,Echinometra,Echinometra lucunter,NA,SPECIES,"Echinometra lucunter (Linnaeus, 1758)",Echinometra lucunter,"(Linnaeus, 1758)",VE,Rocas cerca de playa el diablo,Miranda,PRESENT,NA,1e9400fa-ce73-4737-9eaa-f25df148945c,NA,NA,NA,NA,4.5,1.5,2011-09-14,14,9,2011,2278861,2278861,HUMAN_OBSERVATION,USB,Proyecto Miranda-LEE,CV265,NA,NA,NA,CC0_1_0,NA,César Herrera,NA,NA,2025-07-31T12:09:29Z,NA,GEODETIC_DATUM_ASSUMED_WGS84;CONTINENT_DERIVED_FROM_COORDINATES,-66.24744,10.6524
1418950336,80756e72-f762-11e1-a439-00145eb45e9a,3b5d219ee01760985479942d6b41f243,Animalia,Echinodermata,Echinoidea,Camarodonta,Echinometridae,Echinometra,Echinometra lucunter,NA,SPECIES,"Echinometra lucunter (Linnaeus, 1758)",Echinometra lucunter,"(Linnaeus, 1758)",MX,"Chabihau, Microcuenca de Chabihau, 5km al E de San Crisanto, 10km al O de Santa Clara, Carretera costera a Dzilam de Bravo, vegetación de Manglar.",Yucatan,PRESENT,1,ff90b050-c256-11db-b71b-b8a03c50a862,70,NA,0,0,2.5,2.5,2002-02-01,1,2,2002,2278861,2278861,PRESERVED_SPECIMEN,CINVESTAV-IPN,CINVESTAV,EHLH-00253,NA,Tejeda Yazmín,NA,CC_BY_4_0,Comisión Nacional para el Conocimiento y Uso de la Biodiversidad (CONABIO),Avilés Gerardo; Yerbes Margarita; Vera David; Uch Carlos; Canul Irving; Valdez Johnny,NotAType,NA,2025-07-05T04:11:33Z,NA,COORDINATE_ROUNDED;GEODETIC_DATUM_ASSUMED_WGS84;CONTINENT_DERIVED_FROM_COORDINATES;SCIENTIFIC_NAME_ID_NOT_FOUND;TAXON_ID_NOT_FOUND;DEPTH_MIN_MAX_SWAPPED;OCCURRENCE_STATUS_INFERRED_FROM_INDIVIDUAL_COUNT;COLLECTION_MATCH_NONE;INSTITUTION_MATCH_FUZZY;DIFFERENT_OWNER_INSTITUTION,-89.093028,21.389333
1418950226,80756e72-f762-11e1-a439-00145eb45e9a,70c6bb253b2a10553b4829e06128f633,Animalia,Echinodermata,Echinoidea,Camarodonta,Echinometridae,Echinometra,Echinometra lucunter,NA,SPECIES,"Echinometra lucunter (Linnaeus, 1758)",Echinometra lucunter,"(Linnaeus, 1758)",MX,"Chabihau, Microcuenca de Chabihau, 5km al E de San Crisanto, 10km al O de Santa Clara, Carretera costera a Dzilam de Bravo, vegetación de Manglar.",Yucatan,PRESENT,1,ff90b050-c256-11db-b71b-b8a03c50a862,70,NA,0,0,1.5,1.5,2002-02-01,1,2,2002,2278861,2278861,PRESERVED_SPECIMEN,CINVESTAV-IPN,CINVESTAV,EHLH-00254,NA,Tejeda Yazmín,NA,CC_BY_4_0,Comisión Nacional para el Conocimiento y Uso de la Biodiversidad (CONABIO),Avilés Gerardo; Yerbes Margarita; Vera David; Uch Carlos; Canul Irving; Valdez Johnny,NotAType,NA,2025-07-05T04:11:33Z,NA,COORDINATE_ROUNDED;GEODETIC_DATUM_ASSUMED_WGS84;CONTINENT_DERIVED_FROM_COORDINATES;SCIENTIFIC_NAME_ID_NOT_FOUND;TAXON_ID_NOT_FOUND;DEPTH_MIN_MAX_SWAPPED;OCCURRENCE_STATUS_INFERRED_FROM_INDIVIDUAL_COUNT;COLLECTION_MATCH_NONE;INSTITUTION_MATCH_FUZZY;DIFFERENT_OWNER_INSTITUTION,-89.092028,21.384944
