presencia_ausencia,clorofila_media,salinidad_rango,temperatura_rango,velocidad_corriente_media,ph_rango,batimetria,distancia_costa,concavidad
1,0.08381325751543045,1.2013276815414429,3.0947577953338623,0.2700108289718628,0.05198872834444046,-40,1,1
1,0.13073129951953888,2.655423641204834,3.003300189971924,0.046585652977228165,0.06128927320241928,-23,4,2
1,0.343782514333725,2.4796974658966064,3.068781614303589,0.205897718667984,0.08539998531341553,-12,1,-16
1,0.23564748466014862,2.0368764400482178,2.998058319091797,0.12622147798538208,0.06882617622613907,-14,1,28
1,0.27034446597099304,2.0357372760772705,3.3587088584899902,0.04859920218586922,0.06743229925632477,-3,1,0
1,0.3432866632938385,2.474985361099243,3.068932294845581,0.20976613461971283,0.08533761650323868,-5,1,10
1,0.08369267731904984,1.2665525674819946,3.0441555976867676,0.23193782567977905,0.05021724849939346,-2,30,0
1,0.08366645127534866,1.2616190910339355,3.0491783618927,0.23032188415527344,0.05018163099884987,-2,28,92
1,0.08371388167142868,1.267030954360962,3.0333683490753174,0.23382344841957092,0.05023293197154999,-2,33,0
1,0.08372636884450912,1.271696925163269,3.0353810787200928,0.23429769277572632,0.05025691166520119,-2,32,0
1,0.08371659368276596,1.2692842483520508,3.03617262840271,0.23374630510807037,0.050242308527231216,-2,32,0
1,0.08372335135936737,1.269447922706604,3.0326597690582275,0.23437899351119995,0.0502464696764946,-2,33,0
1,0.08366292715072632,1.2585704326629639,3.047445297241211,0.23025630414485931,0.050166722387075424,-2,29,0
1,0.08364716917276382,1.254424810409546,3.054670810699463,0.22862465679645538,0.05014816299080849,-72,27,56
1,0.08364017307758331,1.2467429637908936,3.0528242588043213,0.2283134013414383,0.05011459067463875,-2,28,21
1,0.08363986760377884,1.2504959106445313,3.0563266277313232,0.22797445952892303,0.05012961104512215,-72,27,86
1,0.08363732695579529,1.2504075765609741,3.058668851852417,0.22754310071468353,0.050131890922784805,-178,26,126
1,0.5106587409973145,7.318438529968262,3.6472737789154053,0.04414398968219757,0.055731188505887985,-2,1,8
1,0.6848108172416687,6.576330184936523,5.948841571807861,0.04952877759933472,0.07843088358640671,-5,1,81
1,0.23283901810646057,1.9726619720458984,3.0553643703460693,0.12572409212589264,0.06803151965141296,-6,1,12
1,0.23214386403560638,1.983613133430481,3.0308797359466553,0.13243117928504944,0.06812883913516998,-5,1,36
1,0.08337721228599548,1.2111986875534058,3.1999528408050537,0.2076638787984848,0.05090508237481117,-2,3,9
1,0.09719020873308182,1.2117918729782104,3.3846025466918945,0.12052563577890396,0.06817000359296799,-10,1,-16
1,0.10765980929136276,1.9886122941970825,3.0087571144104004,0.08762598782777786,0.05667734146118164,-1,1,21
1,0.3778629004955292,1.9400371313095093,3.2537002563476563,0.4473123252391815,0.07952607423067093,-354,13,2
1,0.48474958539009094,5.369348526000977,3.953500986099243,0.05330473929643631,0.061869025230407715,-81,4,-3
1,0.24089841544628143,5.016988277435303,4.176174640655518,0.0644800141453743,0.05604728311300278,-8,2,10
1,0.7442734241485596,6.013837814331055,4.372873306274414,0.062255293130874634,0.07274580746889114,-8,5,12
1,0.7442734241485596,6.013837814331055,4.372873306274414,0.062255293130874634,0.07274580746889114,-8,5,12
1,0.6295216083526611,5.937121391296387,4.1832427978515625,0.054502297192811966,0.06605112552642822,-8,9,1
1,0.2271595150232315,5.0283708572387695,4.202785015106201,0.05974023789167404,0.05493726581335068,-8,1,192
1,0.08366823941469193,1.2038320302963257,3.096529483795166,0.2433306723833084,0.052592918276786804,-2,7,0
1,0.08334577828645706,1.202544093132019,3.2097456455230713,0.20658355951309204,0.05098473280668259,-5,1,-4
1,0.08337902277708054,1.21233332157135,3.2039778232574463,0.20757851004600525,0.050902992486953735,-8,2,-17
1,0.6295216083526611,5.937121391296387,4.1832427978515625,0.054502297192811966,0.06605112552642822,-8,9,1
1,0.083672896027565,1.1911925077438354,3.073265314102173,0.2811483144760132,0.052137341350317,-29,1,29
1,0.5191392302513123,7.321516990661621,3.604616403579712,0.04223256930708885,0.055536214262247086,-32,3,6
1,0.08371151238679886,1.1909955739974976,3.07698130607605,0.2916519343852997,0.051742859184741974,-2,2,9
1,0.5015494227409363,7.278881072998047,3.6022160053253174,0.04264449700713158,0.05558555945754051,-37,3,0
1,0.4184674322605133,5.425601005554199,3.9267160892486572,0.05325402691960335,0.05804859846830368,-75,6,1
1,0.08364354819059372,1.1921025514602661,3.0721607208251953,0.2809249460697174,0.05232912674546242,-138,3,9
1,0.08337143063545227,1.2098217010498047,3.20917010307312,0.20698899030685425,0.05092184990644455,-5,2,-5
1,0.08333544433116913,1.2023380994796753,3.261829137802124,0.20314162969589233,0.05102427303791046,-174,1,-11
1,0.08360476791858673,1.1873160600662231,3.0659048557281494,0.2863878905773163,0.052195265889167786,-73,3,9
1,0.22520454227924347,5.320339679718018,4.807639122009277,0.078751340508461,0.05377088859677315,-11,1,56
1,0.08368939906358719,1.1939324140548706,3.077875852584839,0.27752557396888733,0.052215829491615295,-46,2,13
1,0.4722406268119812,7.402777194976807,2.574040651321411,0.0933995470404625,0.07174834609031677,-15,1,33
1,0.2365601509809494,2.0459537506103516,2.9950923919677734,0.12550583481788635,0.06896483153104782,-22,1,2
1,0.23828546702861786,2.0575180053710938,2.996811628341675,0.11914573609828949,0.06913457810878754,-23,1,-5
1,0.2171299159526825,1.8767735958099365,2.9075167179107666,0.13536237180233002,0.06882055103778839,-8,2,1
1,0.08376546949148178,1.1970956325531006,3.085825204849243,0.27392637729644775,0.05205335468053818,-2,1,0
1,0.08355311304330826,1.2579946517944336,3.3341593742370605,0.2401612251996994,0.050848588347435,-2,38,0
1,0.08355416357517242,1.2543730735778809,3.3220245838165283,0.24774983525276184,0.05088387429714203,-2,39,0
1,0.08355311304330826,1.2579946517944336,3.3341593742370605,0.2401612251996994,0.050848588347435,-2,38,0
1,0.08352014422416687,1.2552920579910278,3.3263325691223145,0.24032744765281677,0.05095202475786209,-2,39,0
1,0.08337707817554474,1.296519160270691,3.098350763320923,0.19580313563346863,0.057088132947683334,-4,106,14
1,0.08335154503583908,1.2040214538574219,3.219689130783081,0.2058563083410263,0.050972215831279755,-3,1,3
1,0.08499901741743088,1.6460078954696655,3.2264699935913086,0.21858026087284088,0.05783050134778023,-2,162,0
1,0.22483649849891663,2.0061962604522705,2.9325811862945557,0.20346318185329437,0.06845233589410782,-1,1,9
1,0.26432979106903076,3.1949596405029297,7.354349136352539,0.3468499779701233,0.051690518856048584,-10,1,-15
1,0.2431316375732422,2.14526629447937,3.013946771621704,0.08149779587984085,0.06929873675107956,-22,1,-22
1,0.08501862734556198,1.5934332609176636,3.1924169063568115,0.33910325169563293,0.0569370836019516,-217,150,-797
1,0.264894038438797,3.234802007675171,7.285497665405273,0.3235929012298584,0.051745541393756866,-36,4,-26
1,0.26447248458862305,3.2096078395843506,7.310640335083008,0.33072441816329956,0.05164661630988121,-7,2,27
0,0.09905020892620087,3.84426212310791,3.2308459281921387,0.1365298330783844,0.05400283634662628,-3182,118,-5
0,0.08807969093322754,1.1770997047424316,3.289318799972534,0.17461887001991272,0.05310428515076637,-3162,196,8
0,0.11201424151659012,2.7323503494262695,4.000157356262207,0.3540375530719757,0.04947471618652344,-3981,123,36
0,0.08917436003684998,2.0192697048187256,3.4464540481567383,0.30809861421585083,0.052679695188999176,-1663,261,3
0,0.10155085474252701,2.779392719268799,3.6710851192474365,0.3414778411388397,0.05181571841239929,-4052,155,9
0,0.08676860481500626,1.557741403579712,3.5005099773406982,0.15870033204555511,0.05348933860659599,-2753,214,-1
0,0.0928153395652771,3.4472522735595703,3.3421242237091064,0.14070026576519012,0.05580054596066475,-1463,76,70
0,0.7410000562667847,2.5595543384552,3.905780792236328,0.15103454887866974,0.08373073488473892,-19,9,2
0,0.08772634714841843,1.8313026428222656,3.8057503700256348,0.0350770466029644,0.055780258029699326,-3259,187,-2
0,0.08850698173046112,1.6156209707260132,3.6759073734283447,0.22734016180038452,0.05188803747296333,-3692,258,2
0,0.08967813104391098,1.9667199850082397,3.743544578552246,0.24021123349666595,0.05113805830478668,-3538,226,-2
0,0.08804208785295486,1.2127914428710938,3.200629234313965,0.17731185257434845,0.0530419684946537,-3226,194,5
0,0.10350511223077774,2.4630041122436523,4.163808822631836,0.32536330819129944,0.05408415198326111,-4014,231,1
0,0.10951454937458038,1.3689184188842773,3.731020450592041,0.1012687161564827,0.07774300873279572,-16,17,2
0,0.08298271894454956,1.2489193677902222,3.3279778957366943,0.1562017947435379,0.05529606342315674,-543,65,-101
0,0.08868516236543655,1.6556566953659058,3.2432806491851807,0.3625454902648926,0.049847494810819626,-3548,269,2
0,0.08468858152627945,1.0564556121826172,3.267076253890991,0.18170195817947388,0.05883993208408356,-38,65,-3
0,0.10083179920911789,1.1902329921722412,3.370659112930298,0.14079882204532623,0.06953885406255722,-22,4,1
0,0.09898579865694046,2.111295223236084,3.6997392177581787,0.3557739853858948,0.04852777346968651,-4014,339,-9
0,2.7048754692077637,7.711302280426025,4.766597747802734,0.08801371604204178,0.09744233638048172,-603,29,-2
0,0.18491093814373016,4.739480495452881,4.44219446182251,0.10684047639369965,0.04878855496644974,-646,19,-6
0,0.10215853154659271,1.940147876739502,3.82913875579834,0.33774009346961975,0.04868728667497635,-3969,305,-1
0,0.2128647118806839,1.8423914909362793,4.423808574676514,0.13736368715763092,0.09193999320268631,-6,11,-3
0,0.25946009159088135,3.3701748847961426,4.580144882202148,0.16600419580936432,0.04524710401892662,-3697,108,2
0,0.09669245779514313,2.391069173812866,3.779484748840332,0.2949824035167694,0.05317431315779686,-3774,232,37
0,0.0893140658736229,1.8271552324295044,3.314229726791382,0.37479686737060547,0.050140101462602615,-3593,294,-11
0,0.08696909993886948,2.4638476371765137,3.86799955368042,0.21778856217861176,0.055636774748563766,-3406,303,13
0,0.1770750880241394,2.0231971740722656,4.047739028930664,0.03356160968542099,0.07900096476078033,-22,32,1
0,0.20609578490257263,1.286450743675232,3.086376428604126,0.5784239172935486,0.06752113997936249,-1392,34,-6
0,0.08753564208745956,1.3080041408538818,3.1689183712005615,0.12107609212398529,0.05486491695046425,-3482,168,-1
0,0.15701112151145935,1.7215797901153564,4.225594997406006,0.23018260300159454,0.0907006487250328,-22,27,0
0,0.08878733217716217,2.0581955909729004,3.581423044204712,0.027242951095104218,0.055353861302137375,-3508,141,-8
0,0.08439971506595612,1.6906177997589111,3.258859872817993,0.2157382220029831,0.06011553481221199,-1895,101,2
0,0.14431223273277283,2.9586021900177,4.850075721740723,0.20813404023647308,0.04501422122120857,-2676,109,-1
0,0.09638141840696335,1.721461534500122,3.587768316268921,0.38038742542266846,0.049777038395404816,-3930,342,2
0,0.0843784511089325,1.6483352184295654,3.2153966426849365,0.2417965531349182,0.06043978035449982,-2027,117,1
0,0.08338765054941177,1.611799716949463,3.2097747325897217,0.22379785776138306,0.06023658812046051,-1873,46,-10
0,0.08409800380468369,1.4517250061035156,3.1815452575683594,0.3185911476612091,0.05906792730093002,-1123,148,55
0,0.08530062437057495,1.8182358741760254,3.2057507038116455,0.21850885450839996,0.05677535757422447,-2049,136,0
0,0.08983583748340607,1.831653118133545,3.5674591064453125,0.3433646559715271,0.048483021557331085,-3641,334,81
0,0.08507002890110016,1.1726452112197876,3.2223551273345947,0.2851259410381317,0.05037294328212738,-2881,113,2
0,0.08328548818826675,1.1579701900482178,3.2936787605285645,0.2699569761753082,0.05192304402589798,-1163,72,24
0,0.11805728077888489,4.6807379722595215,2.903425931930542,0.11982154846191406,0.057173002511262894,-1563,47,-84
0,0.08963412046432495,1.2510554790496826,3.156001091003418,0.09943737089633942,0.05326520651578903,-3070,127,-1
0,0.14943735301494598,5.520642280578613,2.930339813232422,0.07656887173652649,0.05002299323678017,-658,44,-1
0,0.11125998198986053,4.977449417114258,2.8254520893096924,0.11445444077253342,0.05183584988117218,-1381,61,22
0,0.12933653593063354,2.5686140060424805,4.500743865966797,0.26726824045181274,0.04547341540455818,-3022,155,-3
0,0.08472971618175507,1.2597744464874268,3.092957019805908,0.2813827097415924,0.05160757526755333,-2086,116,-20
0,0.08520527184009552,1.3032293319702148,3.091909885406494,0.26849958300590515,0.05192960798740387,-3062,153,0
0,0.08520667254924774,1.7247389554977417,3.178546667098999,0.22596801817417145,0.05783228948712349,-2423,133,-8
0,0.08552772551774979,1.6182142496109009,3.1944875717163086,0.2539609372615814,0.0569121390581131,-2042,172,-10
0,0.09983637928962708,2.5846846103668213,4.053481101989746,0.33761417865753174,0.05274797976016998,-4054,160,-6
0,0.0838279128074646,1.0895477533340454,3.4054110050201416,0.34118691086769104,0.053788501769304276,-1468,76,5
0,0.08352237939834595,1.185028076171875,3.2572929859161377,0.28358346223831177,0.05136104300618172,-1233,60,1
0,0.08822605758905411,1.692350149154663,3.670482873916626,0.20021986961364746,0.053211506456136703,-3721,245,0
0,0.09009015560150146,2.328843355178833,3.645395040512085,0.27496203780174255,0.0504898801445961,-4125,374,-1
0,0.08792237937450409,2.376678228378296,4.023620128631592,0.240364670753479,0.05538804084062576,-3096,275,2
0,0.08627476543188095,1.4770704507827759,3.348712682723999,0.35196372866630554,0.0525440014898777,-3218,166,-9
0,0.08802666515111923,2.670250177383423,3.4150166511535645,0.14305691421031952,0.05776439607143402,-3134,145,5
0,0.09148281812667847,3.042098045349121,3.146014928817749,0.2384985238313675,0.048576902598142624,-2775,100,20
0,0.1941583752632141,4.706512928009033,3.5575411319732666,0.1938295215368271,0.04711846262216568,-2182,76,24
0,0.0855407565832138,1.3761656284332275,3.369340181350708,0.23468071222305298,0.05194751173257828,-2932,174,10
0,0.0901426300406456,2.698878049850464,3.2240588665008545,0.21982596814632416,0.04907470569014549,-2930,122,-4
0,0.08256644755601883,1.20309317111969,3.392681837081909,0.1656375676393509,0.05313646048307419,-721,59,-1
