"","gbifID","datasetKey","occurrenceID","kingdom","phylum","class","order","family","genus","species","infraspecificEpithet","taxonRank","scientificName","verbatimScientificName","verbatimScientificNameAuthorship","countryCode","locality","stateProvince","occurrenceStatus","individualCount","publishingOrgKey","decimalLatitude","decimalLongitude","coordinateUncertaintyInMeters","coordinatePrecision","elevation","elevationAccuracy","depth","depthAccuracy","eventDate","day","month","year","taxonKey","speciesKey","basisOfRecord","institutionCode","collectionCode","catalogNumber","recordNumber","identifiedBy","dateIdentified","license","rightsHolder","recordedBy","typeStatus","establishmentMeans","lastInterpreted","mediaType","issue","longitud","latitud"
"1",5140015361,"50c9509d-22c7-4a22-a47d-8c48425ef4a7","https://www.inaturalist.org/observations/245812900","Animalia","Echinodermata","Echinoidea","Camarodonta","Echinometridae","Echinometra","Echinometra lucunter","","SPECIES","Echinometra lucunter (Linnaeus, 1758)","Echinometra lucunter","","CO","","San Andrés y Providencia","PRESENT",NA,"28eb1a3f-1c15-4a95-931a-4af90ecb574d",13.376701,-81.346806,119,NA,NA,NA,NA,NA,"2024-10-05T07:40:25",5,10,2024,2278861,2278861,"HUMAN_OBSERVATION","iNaturalist","Observations","245812900","","Charlotte Kirchner","2024-10-05T20:19:43","CC_BY_4_0","Charlotte Kirchner","Charlotte Kirchner","","","2025-05-16T18:44:36.061Z","StillImage","COORDINATE_ROUNDED;CONTINENT_DERIVED_FROM_COORDINATES;TAXON_MATCH_TAXON_ID_IGNORED",-81.346806,13.376701
"2",5087828808,"50c9509d-22c7-4a22-a47d-8c48425ef4a7","https://www.inaturalist.org/observations/265344283","Animalia","Echinodermata","Echinoidea","Camarodonta","Echinometridae","Echinometra","Echinometra lucunter","","SPECIES","Echinometra lucunter (Linnaeus, 1758)","Echinometra lucunter","","PA","","Kuna Yala","PRESENT",NA,"28eb1a3f-1c15-4a95-931a-4af90ecb574d",9.470128,-78.833528,836,NA,NA,NA,NA,NA,"2025-03-13T14:45:28",13,3,2025,2278861,2278861,"HUMAN_OBSERVATION","iNaturalist","Observations","265344283","","Pheonix Wyant","2025-03-15T01:01:54","CC_BY_NC_4_0","Pheonix Wyant","Pheonix Wyant","","","2025-05-16T21:50:20.340Z","StillImage","COORDINATE_ROUNDED;CONTINENT_DERIVED_FROM_COORDINATES;TAXON_MATCH_TAXON_ID_IGNORED",-78.833528,9.470128
"3",5025452493,"6ac3f774-d9fb-4796-b3e9-92bf6c81c084","","Animalia","Echinodermata","Echinoidea","Camarodonta","Echinometridae","Echinometra","Echinometra lucunter","","SPECIES","Echinometra lucunter (Linnaeus, 1758)","Echinometra lucunter","","CR","Cahuita","","PRESENT",NA,"bb646dff-a905-4403-a49b-6d378c2cf0d9",9.737482,-82.817688,250,NA,NA,NA,NA,NA,"2015-10-06T00:00",6,10,2015,2278861,2278861,"HUMAN_OBSERVATION","NABU|naturgucker","NABU|naturgucker","154635967","","","","CC_BY_4_0","","539637721","","","2025-05-13T17:36:16.030Z","","COORDINATE_ROUNDED;GEODETIC_DATUM_ASSUMED_WGS84;CONTINENT_DERIVED_FROM_COORDINATES",-82.817688,9.737482
"4",5024185460,"6ac3f774-d9fb-4796-b3e9-92bf6c81c084","","Animalia","Echinodermata","Echinoidea","Camarodonta","Echinometridae","Echinometra","Echinometra lucunter","","SPECIES","Echinometra lucunter (Linnaeus, 1758)","Echinometra lucunter","","CR","Riff vor Puerto Viejo","","PRESENT",NA,"bb646dff-a905-4403-a49b-6d378c2cf0d9",9.658663,-82.755898,250,NA,NA,NA,NA,NA,"2015-10-05T00:00",5,10,2015,2278861,2278861,"HUMAN_OBSERVATION","NABU|naturgucker","NABU|naturgucker","-1813595115","","","","CC_BY_4_0","","539637721","","","2025-05-13T17:35:43.985Z","StillImage","COORDINATE_ROUNDED;GEODETIC_DATUM_ASSUMED_WGS84;CONTINENT_DERIVED_FROM_COORDINATES",-82.755898,9.658663
"5",4926239794,"50c9509d-22c7-4a22-a47d-8c48425ef4a7","https://www.inaturalist.org/observations/231141401","Animalia","Echinodermata","Echinoidea","Camarodonta","Echinometridae","Echinometra","Echinometra lucunter","","SPECIES","Echinometra lucunter (Linnaeus, 1758)","Echinometra lucunter","","PA","","Bocas del Toro","PRESENT",NA,"28eb1a3f-1c15-4a95-931a-4af90ecb574d",9.332753,-82.254184,97,NA,NA,NA,NA,NA,"2024-07-07T14:56:38",7,7,2024,2278861,2278861,"HUMAN_OBSERVATION","iNaturalist","Observations","231141401","","Pauline Walsh Jacobson","2024-08-11T19:32:01","CC_BY_4_0","Roger A. Morales-Flores","Roger A. Morales-Flores","","","2025-05-16T20:06:56.673Z","StillImage","COORDINATE_ROUNDED;CONTINENT_DERIVED_FROM_COORDINATES;TAXON_MATCH_TAXON_ID_IGNORED",-82.254184,9.332753
"6",4919110059,"50c9509d-22c7-4a22-a47d-8c48425ef4a7","https://www.inaturalist.org/observations/232762244","Animalia","Echinodermata","Echinoidea","Camarodonta","Echinometridae","Echinometra","Echinometra lucunter","","SPECIES","Echinometra lucunter (Linnaeus, 1758)","Echinometra lucunter","","PA","","Bocas del Toro","PRESENT",NA,"28eb1a3f-1c15-4a95-931a-4af90ecb574d",9.191832,-82.158788,42,NA,NA,NA,NA,NA,"2024-07-21T16:14:29",21,7,2024,2278861,2278861,"HUMAN_OBSERVATION","iNaturalist","Observations","232762244","","Nikhil Reddy","2024-07-30T20:15:41","CC_BY_NC_4_0","Nikhil Reddy","Nikhil Reddy","","","2025-05-16T20:53:03.605Z","StillImage","COORDINATE_ROUNDED;CONTINENT_DERIVED_FROM_COORDINATES;TAXON_MATCH_TAXON_ID_IGNORED",-82.158788,9.191832
"7",4875059039,"50c9509d-22c7-4a22-a47d-8c48425ef4a7","https://www.inaturalist.org/observations/175294674","Animalia","Echinodermata","Echinoidea","Camarodonta","Echinometridae","Echinometra","Echinometra lucunter","","SPECIES","Echinometra lucunter (Linnaeus, 1758)","Echinometra lucunter","","CO","","San Andrés y Providencia","PRESENT",NA,"28eb1a3f-1c15-4a95-931a-4af90ecb574d",12.545015,-81.707579,6181,NA,NA,NA,NA,NA,"2022-01-01T22:45",1,1,2022,2278861,2278861,"HUMAN_OBSERVATION","iNaturalist","Observations","175294674","","Jorge I. Merchán Mayorga","2023-07-29T18:04:18","CC_BY_NC_4_0","HUGO DAVID CAVERZASI","HUGO DAVID CAVERZASI","","","2025-05-16T19:18:36.475Z","StillImage","COORDINATE_ROUNDED;CONTINENT_DERIVED_FROM_COORDINATES;TAXON_MATCH_TAXON_ID_IGNORED",-81.707579,12.545015
"8",4870037745,"038f4398-50d3-4643-86f3-a0dceba96125","Invemar:MHNMC:Consec.80845:INVEQU5182","Animalia","Echinodermata","Echinoidea","Camarodonta","Echinometridae","Echinometra","Echinometra lucunter","lucunter","SUBSPECIES","Echinometra lucunter lucunter","Echinometra lucunter lucunter","(Linnaeus, 1758)","CO","Litoral externo a la bahía Tukakas - costado nororiental. Área 2 - Formaciones coralinas","La Guajira","PRESENT",1,"f072f648-b8a4-47a0-9e1c-89d790645b5a",11.90638,-71.28148,30,NA,NA,NA,2.5,0.5,"2023-04-20",20,4,2023,7189075,2278861,"HUMAN_OBSERVATION","Instituto de Investigaciones Marinas y Costeras José Benito Vives de Andreis (INVEMAR)","MHNMC","INV EQU5182","2CE720","Giomar Helena Borrero Pérez","2023-08-28T00:00:00","CC_BY_NC_4_0","INVEMAR","Cristina Maria Cedeño Posso;Vanessa Yepes Narváez;Juliana Valentina Sánchez Muñoz","","","2025-01-31T17:08:53.996Z","","",-71.28148,11.90638
"9",4512268920,"50c9509d-22c7-4a22-a47d-8c48425ef4a7","https://www.inaturalist.org/observations/196477019","Animalia","Echinodermata","Echinoidea","Camarodonta","Echinometridae","Echinometra","Echinometra lucunter","","SPECIES","Echinometra lucunter (Linnaeus, 1758)","Echinometra lucunter","","CO","","Magdalena","PRESENT",NA,"28eb1a3f-1c15-4a95-931a-4af90ecb574d",11.21577,-74.233455,240,NA,NA,NA,NA,NA,"2019-05-06T10:14",6,5,2019,2278861,2278861,"HUMAN_OBSERVATION","iNaturalist","Observations","196477019","","Jorge I. Merchán Mayorga","2024-01-13T14:29:29","CC_BY_4_0","Elkin Meriño","Elkin Meriño","","","2025-05-16T19:48:32.529Z","StillImage","COORDINATE_ROUNDED;CONTINENT_DERIVED_FROM_COORDINATES;TAXON_MATCH_TAXON_ID_IGNORED",-74.233455,11.21577
"10",4438899775,"50c9509d-22c7-4a22-a47d-8c48425ef4a7","https://www.inaturalist.org/observations/189663209","Animalia","Echinodermata","Echinoidea","Camarodonta","Echinometridae","Echinometra","Echinometra lucunter","","SPECIES","Echinometra lucunter (Linnaeus, 1758)","Echinometra lucunter","","CR","","Limón","PRESENT",NA,"28eb1a3f-1c15-4a95-931a-4af90ecb574d",9.66316,-82.74869,2484,NA,NA,NA,NA,NA,"2022-04-23T00:16",23,4,2022,2278861,2278861,"HUMAN_OBSERVATION","iNaturalist","Observations","189663209","","Fishipedia","2023-11-01T14:00:07","CC_BY_NC_4_0","Fishipedia","Fishipedia","","","2025-05-16T21:29:59.697Z","StillImage","COORDINATE_ROUNDED;CONTINENT_DERIVED_FROM_COORDINATES;TAXON_MATCH_TAXON_ID_IGNORED",-82.74869,9.66316
"11",4428519881,"7754160d-0ded-4960-8888-03e259d8ea94","UNAL:SEAFLOWER2022:CORAL-ALGAS-HERBIVOROS:0059","Animalia","Echinodermata","Echinoidea","Camarodonta","Echinometridae","Echinometra","Echinometra lucunter","","SPECIES","Echinometra lucunter (Linnaeus, 1758)","Echinometra lucunter","(Linnaeus, 1758)","CO","Islas Cayos de Bolívar","Archipiélago de San Andrés, Providencia y Santa Catalina","PRESENT",6,"eac88d99-9f6c-4031-8fc4-8088f0e0dfe7",12.403111,-81.474528,30,1e-05,0,0,5,2.5,"2022-09-22",22,9,2022,2278861,2278861,"HUMAN_OBSERVATION","Universidad Nacional de Colombia (UNAL)","","","","Laura Catalina Franco León","2022-12-01T00:00:00","CC_BY_NC_4_0","Universidad Nacional de Colombia (UNAL)","Laura Catalina Franco León","","","2025-01-31T22:09:39.610Z","","CONTINENT_COORDINATE_MISMATCH",-81.474528,12.403111
"12",4428519834,"7754160d-0ded-4960-8888-03e259d8ea94","UNAL:SEAFLOWER2022:CORAL-ALGAS-HERBIVOROS:0086","Animalia","Echinodermata","Echinoidea","Camarodonta","Echinometridae","Echinometra","Echinometra lucunter","","SPECIES","Echinometra lucunter (Linnaeus, 1758)","Echinometra lucunter","(Linnaeus, 1758)","CO","Islas Cayos de Bolívar","Archipiélago de San Andrés, Providencia y Santa Catalina","PRESENT",1,"eac88d99-9f6c-4031-8fc4-8088f0e0dfe7",12.420889,-81.479028,30,1e-05,0,0,3.5,1.5,"2022-09-22",22,9,2022,2278861,2278861,"HUMAN_OBSERVATION","Universidad Nacional de Colombia (UNAL)","","","","Laura Catalina Franco León","2022-12-01T00:00:00","CC_BY_NC_4_0","Universidad Nacional de Colombia (UNAL)","Laura Catalina Franco León","","","2025-01-31T22:09:39.516Z","","CONTINENT_COORDINATE_MISMATCH",-81.479028,12.420889
"13",4428519777,"7754160d-0ded-4960-8888-03e259d8ea94","UNAL:SEAFLOWER2022:CORAL-ALGAS-HERBIVOROS:0518","Animalia","Echinodermata","Echinoidea","Camarodonta","Echinometridae","Echinometra","Echinometra lucunter","","SPECIES","Echinometra lucunter (Linnaeus, 1758)","Echinometra lucunter","(Linnaeus, 1758)","CO","Islas Cayos de Bolívar","Archipiélago de San Andrés, Providencia y Santa Catalina","PRESENT",16,"eac88d99-9f6c-4031-8fc4-8088f0e0dfe7",12.400139,-81.443667,30,1e-05,0,0,5,1,"2022-09-28",28,9,2022,2278861,2278861,"HUMAN_OBSERVATION","Universidad Nacional de Colombia (UNAL)","","","","Laura Catalina Franco León","2023-01-01T00:00:00","CC_BY_NC_4_0","Universidad Nacional de Colombia (UNAL)","Laura Catalina Franco León","","","2025-01-31T22:09:39.363Z","","CONTINENT_COORDINATE_MISMATCH",-81.443667,12.400139
"14",4428519769,"7754160d-0ded-4960-8888-03e259d8ea94","UNAL:SEAFLOWER2022:CORAL-ALGAS-HERBIVOROS:0535","Animalia","Echinodermata","Echinoidea","Camarodonta","Echinometridae","Echinometra","Echinometra lucunter","","SPECIES","Echinometra lucunter (Linnaeus, 1758)","Echinometra lucunter","(Linnaeus, 1758)","CO","Islas Cayos de Bolívar","Archipiélago de San Andrés, Providencia y Santa Catalina","PRESENT",12,"eac88d99-9f6c-4031-8fc4-8088f0e0dfe7",12.384139,-81.455694,30,1e-05,0,0,5,1,"2022-09-29",29,9,2022,2278861,2278861,"MACHINE_OBSERVATION","Universidad Nacional de Colombia (UNAL)","","","","Martha Catalina Gómez Cubillos","2023-01-01T00:00:00","CC_BY_NC_4_0","Universidad Nacional de Colombia (UNAL)","Martha Catalina Gómez Cubillos","","","2025-01-31T22:09:39.334Z","","CONTINENT_COORDINATE_MISMATCH",-81.455694,12.384139
"15",4428519709,"7754160d-0ded-4960-8888-03e259d8ea94","UNAL:SEAFLOWER2022:CORAL-ALGAS-HERBIVOROS:0436","Animalia","Echinodermata","Echinoidea","Camarodonta","Echinometridae","Echinometra","Echinometra lucunter","","SPECIES","Echinometra lucunter (Linnaeus, 1758)","Echinometra lucunter","(Linnaeus, 1758)","CO","Islas Cayos de Bolívar","Archipiélago de San Andrés, Providencia y Santa Catalina","PRESENT",1,"eac88d99-9f6c-4031-8fc4-8088f0e0dfe7",12.392028,-81.4525,30,1e-05,0,0,2.6,1.1,"2022-09-27",27,9,2022,2278861,2278861,"HUMAN_OBSERVATION","Universidad Nacional de Colombia (UNAL)","","","","Laura Catalina Franco León","2023-01-01T00:00:00","CC_BY_NC_4_0","Universidad Nacional de Colombia (UNAL)","Laura Catalina Franco León","","","2025-01-31T22:09:39.203Z","","CONTINENT_COORDINATE_MISMATCH",-81.4525,12.392028
"16",4428519696,"7754160d-0ded-4960-8888-03e259d8ea94","UNAL:SEAFLOWER2022:CORAL-ALGAS-HERBIVOROS:0549","Animalia","Echinodermata","Echinoidea","Camarodonta","Echinometridae","Echinometra","Echinometra lucunter","","SPECIES","Echinometra lucunter (Linnaeus, 1758)","Echinometra lucunter","(Linnaeus, 1758)","CO","Islas Cayos de Bolívar","Archipiélago de San Andrés, Providencia y Santa Catalina","PRESENT",3,"eac88d99-9f6c-4031-8fc4-8088f0e0dfe7",12.393389,-81.442972,30,1e-05,0,0,6,2,"2022-09-29",29,9,2022,2278861,2278861,"MACHINE_OBSERVATION","Universidad Nacional de Colombia (UNAL)","","","","Martha Catalina Gómez Cubillos","2023-01-01T00:00:00","CC_BY_NC_4_0","Universidad Nacional de Colombia (UNAL)","Carlos Andrés Daza Guerra","","","2025-01-31T22:09:39.176Z","","CONTINENT_COORDINATE_MISMATCH",-81.442972,12.393389
"17",4428519603,"7754160d-0ded-4960-8888-03e259d8ea94","UNAL:SEAFLOWER2022:CORAL-ALGAS-HERBIVOROS:0463","Animalia","Echinodermata","Echinoidea","Camarodonta","Echinometridae","Echinometra","Echinometra lucunter","","SPECIES","Echinometra lucunter (Linnaeus, 1758)","Echinometra lucunter","(Linnaeus, 1758)","CO","Islas Cayos de Bolívar","Archipiélago de San Andrés, Providencia y Santa Catalina","PRESENT",2,"eac88d99-9f6c-4031-8fc4-8088f0e0dfe7",12.425139,-81.470972,30,1e-05,0,0,6,1,"2022-09-27",27,9,2022,2278861,2278861,"HUMAN_OBSERVATION","Universidad Nacional de Colombia (UNAL)","","","","Laura Catalina Franco León","2023-01-01T00:00:00","CC_BY_NC_4_0","Universidad Nacional de Colombia (UNAL)","Laura Catalina Franco León","","","2025-01-31T22:09:38.962Z","","CONTINENT_COORDINATE_MISMATCH",-81.470972,12.425139
"18",4428519593,"7754160d-0ded-4960-8888-03e259d8ea94","UNAL:SEAFLOWER2022:CORAL-ALGAS-HERBIVOROS:0344","Animalia","Echinodermata","Echinoidea","Camarodonta","Echinometridae","Echinometra","Echinometra lucunter","","SPECIES","Echinometra lucunter (Linnaeus, 1758)","Echinometra lucunter","(Linnaeus, 1758)","CO","Islas Cayos de Bolívar","Archipiélago de San Andrés, Providencia y Santa Catalina","PRESENT",39,"eac88d99-9f6c-4031-8fc4-8088f0e0dfe7",12.440361,-81.486111,30,1e-05,0,0,9.05,0.55,"2022-09-26",26,9,2022,2278861,2278861,"HUMAN_OBSERVATION","Universidad Nacional de Colombia (UNAL)","","","","Laura Catalina Franco León","2022-12-01T00:00:00","CC_BY_NC_4_0","Universidad Nacional de Colombia (UNAL)","Laura Catalina Franco León","","","2025-01-31T22:09:38.942Z","","CONTINENT_COORDINATE_MISMATCH",-81.486111,12.440361
"19",4428519465,"7754160d-0ded-4960-8888-03e259d8ea94","UNAL:SEAFLOWER2022:CORAL-ALGAS-HERBIVOROS:0127","Animalia","Echinodermata","Echinoidea","Camarodonta","Echinometridae","Echinometra","Echinometra lucunter","","SPECIES","Echinometra lucunter (Linnaeus, 1758)","Echinometra lucunter","(Linnaeus, 1758)","CO","Islas Cayos de Bolívar","Archipiélago de San Andrés, Providencia y Santa Catalina","PRESENT",9,"eac88d99-9f6c-4031-8fc4-8088f0e0dfe7",12.45325,-81.470111,30,1e-05,0,0,4.5,1.5,"2022-09-23",23,9,2022,2278861,2278861,"MACHINE_OBSERVATION","Universidad Nacional de Colombia (UNAL)","","","","Martha Catalina Gómez Cubillos","2022-12-01T00:00:00","CC_BY_NC_4_0","Universidad Nacional de Colombia (UNAL)","Martha Catalina Gómez Cubillos","","","2025-01-31T22:09:38.640Z","","CONTINENT_COORDINATE_MISMATCH",-81.470111,12.45325
"20",4428519406,"7754160d-0ded-4960-8888-03e259d8ea94","UNAL:SEAFLOWER2022:CORAL-ALGAS-HERBIVOROS:0381","Animalia","Echinodermata","Echinoidea","Camarodonta","Echinometridae","Echinometra","Echinometra lucunter","","SPECIES","Echinometra lucunter (Linnaeus, 1758)","Echinometra lucunter","(Linnaeus, 1758)","CO","Islas Cayos de Bolívar","Archipiélago de San Andrés, Providencia y Santa Catalina","PRESENT",14,"eac88d99-9f6c-4031-8fc4-8088f0e0dfe7",12.446861,-81.486806,30,1e-05,0,0,8.1,0.6,"2022-09-26",26,9,2022,2278861,2278861,"HUMAN_OBSERVATION","Universidad Nacional de Colombia (UNAL)","","","","Laura Catalina Franco León","2022-12-01T00:00:00","CC_BY_NC_4_0","Universidad Nacional de Colombia (UNAL)","Laura Catalina Franco León","","","2025-01-31T22:09:38.528Z","","CONTINENT_COORDINATE_MISMATCH",-81.486806,12.446861
"21",4428519317,"7754160d-0ded-4960-8888-03e259d8ea94","UNAL:SEAFLOWER2022:CORAL-ALGAS-HERBIVOROS:0163","Animalia","Echinodermata","Echinoidea","Camarodonta","Echinometridae","Echinometra","Echinometra lucunter","","SPECIES","Echinometra lucunter (Linnaeus, 1758)","Echinometra lucunter","(Linnaeus, 1758)","CO","Islas Cayos de Bolívar","Archipiélago de San Andrés, Providencia y Santa Catalina","PRESENT",1,"eac88d99-9f6c-4031-8fc4-8088f0e0dfe7",12.449361,-81.493583,30,1e-05,0,0,7.25,0.75,"2022-09-24",24,9,2022,2278861,2278861,"HUMAN_OBSERVATION","Universidad Nacional de Colombia (UNAL)","","","","Laura Catalina Franco León","2022-12-01T00:00:00","CC_BY_NC_4_0","Universidad Nacional de Colombia (UNAL)","Laura Catalina Franco León","","","2025-01-31T22:09:38.280Z","","CONTINENT_COORDINATE_MISMATCH",-81.493583,12.449361
"22",4401978321,"2b5aab57-4660-40d8-b3a3-149ff3353044","2017:MCUB:R-E:MCUB-R-E-000088","Animalia","Echinodermata","Echinoidea","Camarodonta","Echinometridae","Echinometra","Echinometra lucunter","","SPECIES","Echinometra lucunter (Linnaeus, 1758)","Echinometra lucunter","(Linnaeus, 1758)","CO","El Faro","La Guajira","PRESENT",2,"e0455781-2311-4b5b-8cc0-421d73e04f1b",12.24139,-72.11889,NA,NA,0,0,NA,NA,"2007-09-01",1,9,2007,2278861,2278861,"PRESERVED_SPECIMEN","Universidad El Bosque (MCUB)","MCUB","MCUB-R-E-000088","","María del Pilar Urrego","2015-08-31T00:00:00","CC_BY_4_0","Universidad El Bosque","L. Sarmiento","","","2025-05-16T16:13:48.581Z","","INSTITUTION_MATCH_NONE",-72.11889,12.24139
"23",4400815534,"1eaa9e1b-cb70-4ee5-a29e-31e2b5021cc2","UDEA:CEMUA:ECHI:000152","Animalia","Echinodermata","Echinoidea","Camarodonta","Echinometridae","Echinometra","Echinometra lucunter","","SPECIES","Echinometra lucunter (Linnaeus, 1758)","Echinometra lucunter","Linnaeus, 1758","CO","El Inglés","Bolívar","PRESENT",2,"cccff716-2694-4209-9f9e-2f7a484465a0",9.3895,-76.1812,NA,NA,NA,NA,NA,NA,"2015-04-24",24,4,2015,2278861,2278861,"PRESERVED_SPECIMEN","Universidad de Antioquia (UDEA)","CEMUA","ECHI:000152","","Mario Hernán Londoño Mesa","2015-04-24T00:00:00","CC_BY_4_0","Universidad de Antioquia","Mario Hernán Londoño Mesa","","","2025-01-31T18:18:19.282Z","","INSTITUTION_MATCH_NONE",-76.1812,9.3895
"24",4400815419,"1eaa9e1b-cb70-4ee5-a29e-31e2b5021cc2","UDEA:CEMUA:ECHI:000107","Animalia","Echinodermata","Echinoidea","Camarodonta","Echinometridae","Echinometra","Echinometra lucunter","","SPECIES","Echinometra lucunter (Linnaeus, 1758)","Echinometra lucunter","Linnaeus, 1758","CO","El Claval","Bolívar","PRESENT",1,"cccff716-2694-4209-9f9e-2f7a484465a0",9.3804,-76.1916,NA,NA,NA,NA,NA,NA,"2011-09-26",26,9,2011,2278861,2278861,"PRESERVED_SPECIMEN","Universidad de Antioquia (UDEA)","CEMUA","ECHI:000107","","Daniela Yepes Gaurisas","2011-09-26T00:00:00","CC_BY_4_0","Universidad de Antioquia","Daniela Yepes Gaurisas","","","2025-01-31T18:18:18.793Z","","INSTITUTION_MATCH_NONE",-76.1916,9.3804
"25",4400815378,"1eaa9e1b-cb70-4ee5-a29e-31e2b5021cc2","UDEA:CEMUA:ECHI:000095","Animalia","Echinodermata","Echinoidea","Camarodonta","Echinometridae","Echinometra","Echinometra lucunter","","SPECIES","Echinometra lucunter (Linnaeus, 1758)","Echinometra lucunter","Linnaeus, 1758","CO","Mazatlán","Bolívar","PRESENT",1,"cccff716-2694-4209-9f9e-2f7a484465a0",9.3832,-75.8263,NA,NA,NA,NA,NA,NA,"2011-09-26",26,9,2011,2278861,2278861,"PRESERVED_SPECIMEN","Universidad de Antioquia (UDEA)","CEMUA","ECHI:000095","","Daniela Yepes Gaurisas","2011-09-26T00:00:00","CC_BY_4_0","Universidad de Antioquia","Daniela Yepes Gaurisas","","","2025-01-31T18:18:18.555Z","","INSTITUTION_MATCH_NONE",-75.8263,9.3832
"26",4400815374,"1eaa9e1b-cb70-4ee5-a29e-31e2b5021cc2","UDEA:CEMUA:ECHI:000091","Animalia","Echinodermata","Echinoidea","Camarodonta","Echinometridae","Echinometra","Echinometra lucunter","","SPECIES","Echinometra lucunter (Linnaeus, 1758)","Echinometra lucunter","Linnaeus, 1758","CO","Canales de Tio Kike","Bolívar","PRESENT",2,"cccff716-2694-4209-9f9e-2f7a484465a0",9.7963,-75.858,NA,NA,NA,NA,4,0,"2012-06-24",24,6,2012,2278861,2278861,"PRESERVED_SPECIMEN","Universidad de Antioquia (UDEA)","CEMUA","ECHI:000091","","Daniela Yepes Gaurisas","2012-06-24T00:00:00","CC_BY_4_0","Universidad de Antioquia","Mario Hernán Londoño Mesa;Daniela Yepes Gaurisas","","","2025-01-31T18:18:18.506Z","","INSTITUTION_MATCH_NONE",-75.858,9.7963
"27",4400815370,"1eaa9e1b-cb70-4ee5-a29e-31e2b5021cc2","UDEA:CEMUA:ECHI:000088","Animalia","Echinodermata","Echinoidea","Camarodonta","Echinometridae","Echinometra","Echinometra lucunter","","SPECIES","Echinometra lucunter (Linnaeus, 1758)","Echinometra lucunter","Linnaeus, 1758","CO","El Matal","Bolívar","PRESENT",4,"cccff716-2694-4209-9f9e-2f7a484465a0",9.3958,-75.8135,NA,NA,NA,NA,NA,NA,"2009-08-08",8,8,2009,2278861,2278861,"PRESERVED_SPECIMEN","Universidad de Antioquia (UDEA)","CEMUA","ECHI:000088","","Daniela Yepes Gaurisas","2009-08-08T00:00:00","CC_BY_4_0","Universidad de Antioquia","Daniela Yepes Gaurisas","","","2025-01-31T18:18:18.499Z","","INSTITUTION_MATCH_NONE",-75.8135,9.3958
"28",4400815368,"1eaa9e1b-cb70-4ee5-a29e-31e2b5021cc2","UDEA:CEMUA:ECHI:000089","Animalia","Echinodermata","Echinoidea","Camarodonta","Echinometridae","Echinometra","Echinometra lucunter","","SPECIES","Echinometra lucunter (Linnaeus, 1758)","Echinometra lucunter","Linnaeus, 1758","CO","","Bolívar","PRESENT",1,"cccff716-2694-4209-9f9e-2f7a484465a0",9.3802,-75.822,NA,NA,NA,NA,NA,NA,"2002-02-11",11,2,2002,2278861,2278861,"PRESERVED_SPECIMEN","Universidad de Antioquia (UDEA)","CEMUA","ECHI:000089","","Daniela Yepes Gaurisas","2002-02-11T00:00:00","CC_BY_4_0","Universidad de Antioquia","Daniela Yepes Gaurisas","","","2025-01-31T18:18:18.495Z","","INSTITUTION_MATCH_NONE",-75.822,9.3802
"29",4152847836,"d8cd16ba-bb74-4420-821e-083f2bac17c2","JAPZVO010000000","Animalia","Echinodermata","Echinoidea","Camarodonta","Echinometridae","Echinometra","Echinometra lucunter","","SPECIES","Echinometra lucunter (Linnaeus, 1758)","Echinometra lucunter","","PA","Galeta","","PRESENT",NA,"ada9d123-ddb4-467d-8891-806ea8d94230",9.405,-79.87,NA,NA,NA,NA,NA,NA,"2017-03-24",24,3,2017,2278861,2278861,"MATERIAL_SAMPLE","","","","","Carlos Prada","","CC_BY_4_0","","Carlos Prada","","","2025-05-17T12:30:46.686Z","","GEODETIC_DATUM_ASSUMED_WGS84;CONTINENT_DERIVED_FROM_COORDINATES;TAXON_MATCH_TAXON_CONCEPT_ID_IGNORED",-79.87,9.405
"30",4080865335,"50c9509d-22c7-4a22-a47d-8c48425ef4a7","https://www.inaturalist.org/observations/154125629","Animalia","Echinodermata","Echinoidea","Camarodonta","Echinometridae","Echinometra","Echinometra lucunter","","SPECIES","Echinometra lucunter (Linnaeus, 1758)","Echinometra lucunter","","PA","","Colón","PRESENT",NA,"28eb1a3f-1c15-4a95-931a-4af90ecb574d",9.562317,-79.680719,4,NA,NA,NA,NA,NA,"2023-03-30T13:10",30,3,2023,2278861,2278861,"HUMAN_OBSERVATION","iNaturalist","Observations","154125629","","Dean Walton","2023-04-09T16:59:25","CC_BY_4_0","Dean Walton","Dean Walton","","","2025-05-16T20:18:05.718Z","StillImage","COORDINATE_ROUNDED;CONTINENT_DERIVED_FROM_COORDINATES;TAXON_MATCH_TAXON_ID_IGNORED",-79.680719,9.562317
"31",4067655961,"50c9509d-22c7-4a22-a47d-8c48425ef4a7","https://www.inaturalist.org/observations/151302277","Animalia","Echinodermata","Echinoidea","Camarodonta","Echinometridae","Echinometra","Echinometra lucunter","","SPECIES","Echinometra lucunter (Linnaeus, 1758)","Echinometra lucunter","","CO","","Magdalena","PRESENT",NA,"28eb1a3f-1c15-4a95-931a-4af90ecb574d",11.213292,-74.233204,101,NA,NA,NA,NA,NA,"2023-03-15T15:21:52",15,3,2023,2278861,2278861,"HUMAN_OBSERVATION","iNaturalist","Observations","151302277","","Francisco Riquelme Tapia","2023-03-16T15:06:47","CC_BY_NC_4_0","Francisco Riquelme Tapia","Francisco Riquelme Tapia","","","2025-05-16T21:31:10.635Z","StillImage","COORDINATE_ROUNDED;CONTINENT_DERIVED_FROM_COORDINATES;TAXON_MATCH_TAXON_ID_IGNORED",-74.233204,11.213292
"32",4054966609,"50c9509d-22c7-4a22-a47d-8c48425ef4a7","https://www.inaturalist.org/observations/149974868","Animalia","Echinodermata","Echinoidea","Camarodonta","Echinometridae","Echinometra","Echinometra lucunter","","SPECIES","Echinometra lucunter (Linnaeus, 1758)","Echinometra lucunter","","CO","","Magdalena","PRESENT",NA,"28eb1a3f-1c15-4a95-931a-4af90ecb574d",11.270767,-74.201127,102,NA,NA,NA,NA,NA,"2023-02-26T13:19:31",26,2,2023,2278861,2278861,"HUMAN_OBSERVATION","iNaturalist","Observations","149974868","","Francisco Riquelme Tapia","2023-03-01T13:06:05","CC_BY_NC_4_0","Francisco Riquelme Tapia","Francisco Riquelme Tapia","","","2025-05-16T18:41:06.453Z","StillImage","COORDINATE_ROUNDED;CONTINENT_DERIVED_FROM_COORDINATES;TAXON_MATCH_TAXON_ID_IGNORED",-74.201127,11.270767
"33",3988602429,"50c9509d-22c7-4a22-a47d-8c48425ef4a7","https://www.inaturalist.org/observations/111792270","Animalia","Echinodermata","Echinoidea","Camarodonta","Echinometridae","Echinometra","Echinometra lucunter","","SPECIES","Echinometra lucunter (Linnaeus, 1758)","Echinometra lucunter","","PA","","Bocas del Toro","PRESENT",NA,"28eb1a3f-1c15-4a95-931a-4af90ecb574d",9.302282,-82.205814,67,NA,NA,NA,NA,NA,"2022-04-13T14:50",13,4,2022,2278861,2278861,"HUMAN_OBSERVATION","iNaturalist","Observations","111792270","","Hubert Szczygieł","2022-04-17T15:44:51","CC_BY_NC_4_0","Hubert Szczygieł","Hubert Szczygieł","","","2025-05-16T18:14:39.786Z","StillImage","COORDINATE_ROUNDED;CONTINENT_DERIVED_FROM_COORDINATES;TAXON_MATCH_TAXON_ID_IGNORED",-82.205814,9.302282
"34",3988580423,"50c9509d-22c7-4a22-a47d-8c48425ef4a7","https://www.inaturalist.org/observations/107353427","Animalia","Echinodermata","Echinoidea","Camarodonta","Echinometridae","Echinometra","Echinometra lucunter","","SPECIES","Echinometra lucunter (Linnaeus, 1758)","Echinometra lucunter","","PA","","Bocas del Toro","PRESENT",NA,"28eb1a3f-1c15-4a95-931a-4af90ecb574d",9.315267,-82.215026,191,NA,NA,NA,NA,NA,"2022-02-09T14:22",9,2,2022,2278861,2278861,"HUMAN_OBSERVATION","iNaturalist","Observations","107353427","","Hubert Szczygieł","2022-02-24T02:57:04","CC_BY_NC_4_0","Hubert Szczygieł","Hubert Szczygieł","","","2025-05-16T18:01:26.567Z","StillImage","COORDINATE_ROUNDED;CONTINENT_DERIVED_FROM_COORDINATES;TAXON_MATCH_TAXON_ID_IGNORED",-82.215026,9.315267
"35",3961214627,"50c9509d-22c7-4a22-a47d-8c48425ef4a7","https://www.inaturalist.org/observations/137379488","Animalia","Echinodermata","Echinoidea","Camarodonta","Echinometridae","Echinometra","Echinometra lucunter","","SPECIES","Echinometra lucunter (Linnaeus, 1758)","Echinometra lucunter","","CR","","Limón","PRESENT",NA,"28eb1a3f-1c15-4a95-931a-4af90ecb574d",9.63679,-82.636416,405,NA,NA,NA,NA,NA,"2022-10-02T07:20",2,10,2022,2278861,2278861,"HUMAN_OBSERVATION","iNaturalist","Observations","137379488","","David Garrigues","2022-10-03T04:56:23","CC_BY_NC_4_0","David Garrigues","David Garrigues","","","2025-05-16T20:29:23.684Z","StillImage","COORDINATE_ROUNDED;CONTINENT_DERIVED_FROM_COORDINATES;TAXON_MATCH_TAXON_ID_IGNORED",-82.636416,9.63679
"36",3873290930,"50c9509d-22c7-4a22-a47d-8c48425ef4a7","https://www.inaturalist.org/observations/125728307","Animalia","Echinodermata","Echinoidea","Camarodonta","Echinometridae","Echinometra","Echinometra lucunter","","SPECIES","Echinometra lucunter (Linnaeus, 1758)","Echinometra lucunter","","CO","","San Andrés y Providencia","PRESENT",NA,"28eb1a3f-1c15-4a95-931a-4af90ecb574d",12.553895,-81.689292,4,NA,NA,NA,NA,NA,"2022-07-05T13:08:31",5,7,2022,2278861,2278861,"HUMAN_OBSERVATION","iNaturalist","Observations","125728307","","Litrato15","2022-07-11T03:01:33","CC_BY_NC_4_0","Litrato15","Litrato15","","","2025-05-16T19:05:10.263Z","StillImage","COORDINATE_ROUNDED;CONTINENT_DERIVED_FROM_COORDINATES;TAXON_MATCH_TAXON_ID_IGNORED",-81.689292,12.553895
"37",3743330410,"50c9509d-22c7-4a22-a47d-8c48425ef4a7","https://www.inaturalist.org/observations/90767526","Animalia","Echinodermata","Echinoidea","Camarodonta","Echinometridae","Echinometra","Echinometra lucunter","","SPECIES","Echinometra lucunter (Linnaeus, 1758)","Echinometra lucunter","","NI","","Atlántico Sur","PRESENT",NA,"28eb1a3f-1c15-4a95-931a-4af90ecb574d",12.302931,-82.98303,209,NA,NA,NA,NA,NA,"2021-08-05T05:18",5,8,2021,2278861,2278861,"HUMAN_OBSERVATION","iNaturalist","Observations","90767526","","Edgar Castañeda","2021-08-11T12:47:14","CC_BY_NC_4_0","Edgar Castañeda","Edgar Castañeda","","","2025-05-16T20:05:24.057Z","StillImage","COORDINATE_ROUNDED;CONTINENT_DERIVED_FROM_COORDINATES;TAXON_MATCH_TAXON_ID_IGNORED",-82.98303,12.302931
"38",3698362983,"50c9509d-22c7-4a22-a47d-8c48425ef4a7","https://www.inaturalist.org/observations/107294544","Animalia","Echinodermata","Echinoidea","Camarodonta","Echinometridae","Echinometra","Echinometra lucunter","","SPECIES","Echinometra lucunter (Linnaeus, 1758)","Echinometra lucunter","","CR","","Limón","PRESENT",NA,"28eb1a3f-1c15-4a95-931a-4af90ecb574d",9.656833,-82.743103,35,NA,NA,NA,NA,NA,"2022-02-21T12:12:04",21,2,2022,2278861,2278861,"HUMAN_OBSERVATION","iNaturalist","Observations","107294544","","Andrea Caballero","2022-02-23T03:49:31","CC_BY_4_0","Parsa Fard","Parsa Fard","","","2025-05-16T18:31:19.177Z","StillImage","COORDINATE_ROUNDED;CONTINENT_DERIVED_FROM_COORDINATES;TAXON_MATCH_TAXON_ID_IGNORED",-82.743103,9.656833
"39",3698348519,"50c9509d-22c7-4a22-a47d-8c48425ef4a7","https://www.inaturalist.org/observations/107003676","Animalia","Echinodermata","Echinoidea","Camarodonta","Echinometridae","Echinometra","Echinometra lucunter","","SPECIES","Echinometra lucunter (Linnaeus, 1758)","Echinometra lucunter","","NI","","Atlántico Sur","PRESENT",NA,"28eb1a3f-1c15-4a95-931a-4af90ecb574d",12.302679,-82.983138,209,NA,NA,NA,NA,NA,"2022-01-15T12:57",15,1,2022,2278861,2278861,"HUMAN_OBSERVATION","iNaturalist","Observations","107003676","","Edgar Castañeda","2022-02-18T23:58:43","CC_BY_NC_4_0","Edgar Castañeda","Edgar Castañeda","","","2025-05-16T18:34:12.226Z","StillImage","COORDINATE_ROUNDED;CONTINENT_DERIVED_FROM_COORDINATES;TAXON_MATCH_TAXON_ID_IGNORED",-82.983138,12.302679
"40",3698316242,"50c9509d-22c7-4a22-a47d-8c48425ef4a7","https://www.inaturalist.org/observations/107294430","Animalia","Echinodermata","Echinoidea","Camarodonta","Echinometridae","Echinometra","Echinometra lucunter","","SPECIES","Echinometra lucunter (Linnaeus, 1758)","Echinometra lucunter","","CR","","Limón","PRESENT",NA,"28eb1a3f-1c15-4a95-931a-4af90ecb574d",9.656875,-82.743112,35,NA,NA,NA,NA,NA,"2022-02-21T12:21:29",21,2,2022,2278861,2278861,"HUMAN_OBSERVATION","iNaturalist","Observations","107294430","","Andrea Caballero","2022-02-23T03:49:51","CC_BY_4_0","Parsa Fard","Parsa Fard","","","2025-05-16T18:26:36.502Z","StillImage","COORDINATE_ROUNDED;CONTINENT_DERIVED_FROM_COORDINATES;TAXON_MATCH_TAXON_ID_IGNORED",-82.743112,9.656875
"41",3698272802,"50c9509d-22c7-4a22-a47d-8c48425ef4a7","https://www.inaturalist.org/observations/107145623","Animalia","Echinodermata","Echinoidea","Camarodonta","Echinometridae","Echinometra","Echinometra lucunter","","SPECIES","Echinometra lucunter (Linnaeus, 1758)","Echinometra lucunter","","CO","","Magdalena","PRESENT",NA,"28eb1a3f-1c15-4a95-931a-4af90ecb574d",11.270928,-74.201061,NA,NA,NA,NA,NA,NA,"2022-02-20T15:59:15",20,2,2022,2278861,2278861,"HUMAN_OBSERVATION","iNaturalist","Observations","107145623","","Jorge I. Merchán Mayorga","2022-02-20T23:34:02","CC_BY_NC_4_0","Jorge I. Merchán Mayorga","Jorge I. Merchán Mayorga","","","2025-05-16T21:15:42.914Z","StillImage","COORDINATE_ROUNDED;CONTINENT_DERIVED_FROM_COORDINATES;TAXON_MATCH_TAXON_ID_IGNORED",-74.201061,11.270928
"42",3328041317,"50c9509d-22c7-4a22-a47d-8c48425ef4a7","https://www.inaturalist.org/observations/27728684","Animalia","Echinodermata","Echinoidea","Camarodonta","Echinometridae","Echinometra","Echinometra lucunter","","SPECIES","Echinometra lucunter (Linnaeus, 1758)","Echinometra lucunter","","PA","","Colón","PRESENT",NA,"28eb1a3f-1c15-4a95-931a-4af90ecb574d",9.402347,-79.860612,44,NA,NA,NA,NA,NA,"2019-06-26T11:30:42",26,6,2019,2278861,2278861,"HUMAN_OBSERVATION","iNaturalist","Observations","27728684","","blue_lotus","2020-01-20T08:26:49","CC_BY_NC_4_0","kellyhoulam","kellyhoulam","","","2025-05-16T19:45:01.525Z","StillImage","COORDINATE_ROUNDED;CONTINENT_DERIVED_FROM_COORDINATES;TAXON_MATCH_TAXON_ID_IGNORED",-79.860612,9.402347
"43",3327969525,"50c9509d-22c7-4a22-a47d-8c48425ef4a7","https://www.inaturalist.org/observations/83017627","Animalia","Echinodermata","Echinoidea","Camarodonta","Echinometridae","Echinometra","Echinometra lucunter","","SPECIES","Echinometra lucunter (Linnaeus, 1758)","Echinometra lucunter","","CO","","Bolívar","PRESENT",NA,"28eb1a3f-1c15-4a95-931a-4af90ecb574d",10.191354,-75.633631,796,NA,NA,NA,NA,NA,"2021-05-14T11:38",14,5,2021,2278861,2278861,"HUMAN_OBSERVATION","iNaturalist","Observations","83017627","","Carlos Rangel","2021-06-14T16:39:52","CC_BY_NC_4_0","Carlos Rangel","Carlos Rangel","","","2025-05-16T19:24:41.204Z","StillImage","COORDINATE_ROUNDED;CONTINENT_DERIVED_FROM_COORDINATES;TAXON_MATCH_TAXON_ID_IGNORED",-75.633631,10.191354
"44",3325489479,"50c9509d-22c7-4a22-a47d-8c48425ef4a7","https://www.inaturalist.org/observations/83092670","Animalia","Echinodermata","Echinoidea","Camarodonta","Echinometridae","Echinometra","Echinometra lucunter","","SPECIES","Echinometra lucunter (Linnaeus, 1758)","Echinometra lucunter","","CO","","Bolívar","PRESENT",NA,"28eb1a3f-1c15-4a95-931a-4af90ecb574d",10.190634,-75.634186,635,NA,NA,NA,NA,NA,"2021-06-14T22:43:24",14,6,2021,2278861,2278861,"HUMAN_OBSERVATION","iNaturalist","Observations","83092670","","","","CC_BY_NC_4_0","Carlos Rangel","Carlos Rangel","","","2025-05-16T19:24:33.008Z","StillImage","COORDINATE_ROUNDED;CONTINENT_DERIVED_FROM_COORDINATES;TAXON_MATCH_TAXON_ID_IGNORED",-75.634186,10.190634
"45",3112577227,"50c9509d-22c7-4a22-a47d-8c48425ef4a7","https://www.inaturalist.org/observations/77181501","Animalia","Echinodermata","Echinoidea","Camarodonta","Echinometridae","Echinometra","Echinometra lucunter","","SPECIES","Echinometra lucunter (Linnaeus, 1758)","Echinometra lucunter","","PA","","Colón","PRESENT",NA,"28eb1a3f-1c15-4a95-931a-4af90ecb574d",9.617042,-79.537733,210,NA,NA,NA,NA,NA,"2021-05-01T22:54",1,5,2021,2278861,2278861,"HUMAN_OBSERVATION","iNaturalist","Observations","77181501","","evoecogen","2021-05-04T02:55:09","CC_BY_NC_4_0","evoecogen","evoecogen","","","2025-05-16T19:39:18.389Z","StillImage","COORDINATE_ROUNDED;CONTINENT_DERIVED_FROM_COORDINATES;TAXON_MATCH_TAXON_ID_IGNORED",-79.537733,9.617042
"46",3090607128,"50c9509d-22c7-4a22-a47d-8c48425ef4a7","https://www.inaturalist.org/observations/73399994","Animalia","Echinodermata","Echinoidea","Camarodonta","Echinometridae","Echinometra","Echinometra lucunter","","SPECIES","Echinometra lucunter (Linnaeus, 1758)","Echinometra lucunter","","PA","","Kuna Yala","PRESENT",NA,"28eb1a3f-1c15-4a95-931a-4af90ecb574d",8.654945,-77.3633,125,NA,NA,NA,NA,NA,"2016-01-02T16:08",2,1,2016,2278861,2278861,"HUMAN_OBSERVATION","iNaturalist","Observations","73399994","","Andrea Caballero","2021-04-09T23:04:14","CC_BY_NC_4_0","Nicolas Botero Serna","Nicolas Botero Serna","","","2025-05-16T19:10:09.602Z","StillImage","COORDINATE_ROUNDED;CONTINENT_DERIVED_FROM_COORDINATES;TAXON_MATCH_TAXON_ID_IGNORED",-77.3633,8.654945
"47",3067989009,"50c9509d-22c7-4a22-a47d-8c48425ef4a7","https://www.inaturalist.org/observations/71996293","Animalia","Echinodermata","Echinoidea","Camarodonta","Echinometridae","Echinometra","Echinometra lucunter","","SPECIES","Echinometra lucunter (Linnaeus, 1758)","Echinometra lucunter","","CR","","","PRESENT",NA,"28eb1a3f-1c15-4a95-931a-4af90ecb574d",10.129437,-83.057603,85882,NA,NA,NA,NA,NA,"2010-03-24T08:28",24,3,2010,2278861,2278861,"HUMAN_OBSERVATION","iNaturalist","Observations","71996293","","Andrea Caballero","2021-03-25T03:58:00","CC_BY_4_0","Adrienne Pinsoneault","Adrienne Pinsoneault","","","2025-05-16T21:11:23.163Z","StillImage","COORDINATE_ROUNDED;COUNTRY_DERIVED_FROM_COORDINATES;TAXON_MATCH_TAXON_ID_IGNORED",-83.057603,10.129437
"48",2993588690,"f13e2caf-5093-4f9a-9de6-e38775b5a737","INVEMAR:SIMAC:InvVag:TIO-1:2008:M1:002097","Animalia","Echinodermata","Echinoidea","Camarodonta","Echinometridae","Echinometra","Echinometra lucunter","","SPECIES","Echinometra lucunter (Linnaeus, 1758)","Echinometra lucunter","(Linnaeus, 1758)","CO","Parque Nacional Natural Corales del Rosario y San Bernardo, Noroeste de Isla Tintipan Tiosolda Estación TIO 1","Bolívar","PRESENT",NA,"f072f648-b8a4-47a0-9e1c-89d790645b5a",9.821944,-75.890833,NA,NA,NA,NA,10.5,1.5,"2008-09-30",30,9,2008,2278861,2278861,"HUMAN_OBSERVATION","Instituto de Investigaciones Marinas y Costeras “José Benito Vives de Andréis” (Invemar)","","","","","","CC_BY_4_0","","Catalina Casas;Johanna Carolina Vega Sequeda","","","2025-02-01T02:06:53.388Z","","COORDINATE_ROUNDED",-75.890833,9.821944
"49",2993588681,"f13e2caf-5093-4f9a-9de6-e38775b5a737","INVEMAR:SIMAC:InvVag:IGU-1:2005:S3:001463","Animalia","Echinodermata","Echinoidea","Camarodonta","Echinometridae","Echinometra","Echinometra lucunter","","SPECIES","Echinometra lucunter (Linnaeus, 1758)","Echinometra lucunter","(Linnaeus, 1758)","CO","Reserva de Biosfera Sea Flower, Iguana Estación IGU 1","Archipiélago de San Andrés, Providencia y Santa Catalina","PRESENT",NA,"f072f648-b8a4-47a0-9e1c-89d790645b5a",12.500417,-81.733333,NA,NA,NA,NA,10.5,7.5,"2005-09-13",13,9,2005,2278861,2278861,"HUMAN_OBSERVATION","Instituto de Investigaciones Marinas y Costeras “José Benito Vives de Andréis” (Invemar)","","","","","","CC_BY_4_0","","Carlos Andrés Orozco;Julian Olaya","","","2025-02-01T02:06:53.385Z","","COORDINATE_ROUNDED;CONTINENT_COORDINATE_MISMATCH",-81.733333,12.500417
"50",2993588668,"f13e2caf-5093-4f9a-9de6-e38775b5a737","INVEMAR:SIMAC:InvVag:PAV-1:2013:M3:003053","Animalia","Echinodermata","Echinoidea","Camarodonta","Echinometridae","Echinometra","Echinometra lucunter","","SPECIES","Echinometra lucunter (Linnaeus, 1758)","Echinometra lucunter","(Linnaeus, 1758)","CO","Parque Nacional Natural Corales del Rosario y San Bernardo, Isla Pavitos Estación PAV 1","Bolívar","PRESENT",NA,"f072f648-b8a4-47a0-9e1c-89d790645b5a",10.174861,-75.770639,NA,NA,NA,NA,14,5,"2013-12-05",5,12,2013,2278861,2278861,"HUMAN_OBSERVATION","Instituto de Investigaciones Marinas y Costeras “José Benito Vives de Andréis” (Invemar)","","","","","","CC_BY_4_0","","Laura Muñoz Escobar;Diana Carolina Ballesteros Contreras","","","2025-02-01T02:06:53.386Z","","COORDINATE_ROUNDED",-75.770639,10.174861
"51",2993588666,"f13e2caf-5093-4f9a-9de6-e38775b5a737","INVEMAR:SIMAC:InvVag:MAN-1:2012:S1:002919","Animalia","Echinodermata","Echinoidea","Camarodonta","Echinometridae","Echinometra","Echinometra lucunter","","SPECIES","Echinometra lucunter (Linnaeus, 1758)","Echinometra lucunter","(Linnaeus, 1758)","CO","Parque Nacional Natural Corales del Rosario y San Bernardo, Frente a Isla Mangle Estación MAN 1","Bolívar","PRESENT",NA,"f072f648-b8a4-47a0-9e1c-89d790645b5a",9.777417,-75.785389,NA,NA,NA,NA,5,1,"2012-12-05",5,12,2012,2278861,2278861,"HUMAN_OBSERVATION","Instituto de Investigaciones Marinas y Costeras “José Benito Vives de Andréis” (Invemar)","","","","","","CC_BY_4_0","","Raul Navas Camacho;Johanna Carolina Vega Sequeda","","","2025-02-01T02:06:53.384Z","","COORDINATE_ROUNDED",-75.785389,9.777417
"52",2993588661,"f13e2caf-5093-4f9a-9de6-e38775b5a737","INVEMAR:SIMAC:InvVag:MAN-2:2017:M2:003207","Animalia","Echinodermata","Echinoidea","Camarodonta","Echinometridae","Echinometra","Echinometra lucunter","","SPECIES","Echinometra lucunter (Linnaeus, 1758)","Echinometra lucunter","(Linnaeus, 1758)","CO","Parque Nacional Natural Corales del Rosario y San Bernardo, Isla Mangle Estación Mangle 2","Bolívar","PRESENT",NA,"f072f648-b8a4-47a0-9e1c-89d790645b5a",9.779444,-75.785556,NA,NA,NA,NA,11.5,2.5,"2017-07-21",21,7,2017,2278861,2278861,"HUMAN_OBSERVATION","Instituto de Investigaciones Marinas y Costeras “José Benito Vives de Andréis” (Invemar)","","","","","","CC_BY_4_0","","Juan David González Corredor","","","2025-02-01T02:06:53.384Z","","COORDINATE_ROUNDED",-75.785556,9.779444
"53",2993588654,"f13e2caf-5093-4f9a-9de6-e38775b5a737","INVEMAR:SIMAC:InvVag:CTI-1:2004:S2:001232","Animalia","Echinodermata","Echinoidea","Camarodonta","Echinometridae","Echinometra","Echinometra lucunter","","SPECIES","Echinometra lucunter (Linnaeus, 1758)","Echinometra lucunter","(Linnaeus, 1758)","CO","Ensenada Sapzurro, Cabo Tiburón S Estación CTI 1","Chocó","PRESENT",NA,"f072f648-b8a4-47a0-9e1c-89d790645b5a",8.670417,-77.358667,NA,NA,NA,NA,2.5,0.5,"2004-06-07",7,6,2004,2278861,2278861,"HUMAN_OBSERVATION","Instituto de Investigaciones Marinas y Costeras “José Benito Vives de Andréis” (Invemar)","","","","","","CC_BY_4_0","","Sonia Bejarano;Martha Alejandra Ortiz Del Rio","","","2025-02-01T02:06:53.384Z","","COORDINATE_ROUNDED",-77.358667,8.670417
"54",2993588600,"f13e2caf-5093-4f9a-9de6-e38775b5a737","INVEMAR:SIMAC:InvVag:WLF-1:2011:S5:002690","Animalia","Echinodermata","Echinoidea","Camarodonta","Echinometridae","Echinometra","Echinometra lucunter","","SPECIES","Echinometra lucunter (Linnaeus, 1758)","Echinometra lucunter","(Linnaeus, 1758)","CO","Reserva de Biosfera Sea Flower, Wild Life Estación WLF 1","Archipiélago de San Andrés, Providencia y Santa Catalina","PRESENT",NA,"f072f648-b8a4-47a0-9e1c-89d790645b5a",12.513133,-81.731233,NA,NA,NA,NA,10.5,7.5,"2011-09-01",1,9,2011,2278861,2278861,"HUMAN_OBSERVATION","Instituto de Investigaciones Marinas y Costeras “José Benito Vives de Andréis” (Invemar)","","","","","","CC_BY_4_0","","Luis Alfonso Gómez;Tomás López Londoño","","","2025-02-01T02:06:53.379Z","","COORDINATE_ROUNDED;CONTINENT_COORDINATE_MISMATCH",-81.731233,12.513133
"55",2993588591,"f13e2caf-5093-4f9a-9de6-e38775b5a737","INVEMAR:SIMAC:InvVag:CAP-1:2012:S1:002901","Animalia","Echinodermata","Echinoidea","Camarodonta","Echinometridae","Echinometra","Echinometra lucunter","","SPECIES","Echinometra lucunter (Linnaeus, 1758)","Echinometra lucunter","(Linnaeus, 1758)","CO","Ensenada Capurganá Estación CAP 1","Chocó","PRESENT",NA,"f072f648-b8a4-47a0-9e1c-89d790645b5a",8.639,-77.344667,NA,NA,NA,NA,2.5,0.5,"2012-11-21",21,11,2012,2278861,2278861,"HUMAN_OBSERVATION","Instituto de Investigaciones Marinas y Costeras “José Benito Vives de Andréis” (Invemar)","","","","","","CC_BY_4_0","","Kelly Gómez Campo;Raul Navas Camacho","","","2025-02-01T02:06:53.378Z","","COORDINATE_ROUNDED",-77.344667,8.639
"56",2993588547,"f13e2caf-5093-4f9a-9de6-e38775b5a737","INVEMAR:SIMAC:InvVag:CHE-2:2009:S3:002369","Animalia","Echinodermata","Echinoidea","Camarodonta","Echinometridae","Echinometra","Echinometra lucunter","","SPECIES","Echinometra lucunter (Linnaeus, 1758)","Echinometra lucunter","(Linnaeus, 1758)","CO","Parque Nacional Natural Tayrona, Bahía Chengue C2 Estación CHE 2","Magdalena","PRESENT",NA,"f072f648-b8a4-47a0-9e1c-89d790645b5a",11.329861,-74.128611,NA,NA,NA,NA,10,7,"2009-11-04",4,11,2009,2278861,2278861,"HUMAN_OBSERVATION","Instituto de Investigaciones Marinas y Costeras “José Benito Vives de Andréis” (Invemar)","","","","","","CC_BY_4_0","","Angelica Batista;Raul Navas Camacho","","","2025-02-01T02:06:53.375Z","","COORDINATE_ROUNDED",-74.128611,11.329861
"57",2993588522,"f13e2caf-5093-4f9a-9de6-e38775b5a737","INVEMAR:SIMAC:InvVag:CTI-2:2006:M3:001640","Animalia","Echinodermata","Echinoidea","Camarodonta","Echinometridae","Echinometra","Echinometra lucunter","","SPECIES","Echinometra lucunter (Linnaeus, 1758)","Echinometra lucunter","(Linnaeus, 1758)","CO","Ensenada Sapzurro, Cabo Tiburón M Estación CTI 2","Chocó","PRESENT",NA,"f072f648-b8a4-47a0-9e1c-89d790645b5a",8.672167,-77.356667,NA,NA,NA,NA,10.5,1.5,"2006-07-27",27,7,2006,2278861,2278861,"HUMAN_OBSERVATION","Instituto de Investigaciones Marinas y Costeras “José Benito Vives de Andréis” (Invemar)","","","","","","CC_BY_4_0","","Katherine Bernal","","","2025-02-01T02:06:53.373Z","","COORDINATE_ROUNDED",-77.356667,8.672167
"58",2993588513,"f13e2caf-5093-4f9a-9de6-e38775b5a737","INVEMAR:SIMAC:InvVag:CEY-2:2008:M2:002144","Animalia","Echinodermata","Echinoidea","Camarodonta","Echinometridae","Echinometra","Echinometra lucunter","","SPECIES","Echinometra lucunter (Linnaeus, 1758)","Echinometra lucunter","(Linnaeus, 1758)","CO","Parque Nacional Natural Corales del Rosario y San Bernardo, Isla Ceycen Estación CEY 2","Bolívar","PRESENT",NA,"f072f648-b8a4-47a0-9e1c-89d790645b5a",9.705833,-75.865833,NA,NA,NA,NA,10.5,1.5,"2008-10-02",2,10,2008,2278861,2278861,"HUMAN_OBSERVATION","Instituto de Investigaciones Marinas y Costeras “José Benito Vives de Andréis” (Invemar)","","","","","","CC_BY_4_0","","Catalina Casas;Tomás López Londoño","","","2025-02-01T02:06:53.374Z","","COORDINATE_ROUNDED",-75.865833,9.705833
"59",2993588477,"f13e2caf-5093-4f9a-9de6-e38775b5a737","INVEMAR:SIMAC:InvVag:TES-1:2009:M5:002310","Animalia","Echinodermata","Echinoidea","Camarodonta","Echinometridae","Echinometra","Echinometra lucunter","","SPECIES","Echinometra lucunter (Linnaeus, 1758)","Echinometra lucunter","(Linnaeus, 1758)","CO","Parque Nacional Natural Corales del Rosario y San Bernardo, El Tesoro Estación TES 1","Bolívar","PRESENT",NA,"f072f648-b8a4-47a0-9e1c-89d790645b5a",10.234194,-75.746444,NA,NA,NA,NA,12,7,"2009-05-22",22,5,2009,2278861,2278861,"HUMAN_OBSERVATION","Instituto de Investigaciones Marinas y Costeras “José Benito Vives de Andréis” (Invemar)","","","","","","CC_BY_4_0","","Gloria Castro;Raul Navas Camacho","","","2025-02-01T02:06:53.371Z","","COORDINATE_ROUNDED",-75.746444,10.234194
"60",2993588476,"f13e2caf-5093-4f9a-9de6-e38775b5a737","INVEMAR:SIMAC:InvVag:CHE-1:2009:S3:002355","Animalia","Echinodermata","Echinoidea","Camarodonta","Echinometridae","Echinometra","Echinometra lucunter","","SPECIES","Echinometra lucunter (Linnaeus, 1758)","Echinometra lucunter","(Linnaeus, 1758)","CO","Parque Nacional Natural Tayrona, Bahía Chengue C1 Estación CHE 1","Magdalena","PRESENT",NA,"f072f648-b8a4-47a0-9e1c-89d790645b5a",11.325611,-74.128361,NA,NA,NA,NA,9.5,6.5,"2009-11-04",4,11,2009,2278861,2278861,"HUMAN_OBSERVATION","Instituto de Investigaciones Marinas y Costeras “José Benito Vives de Andréis” (Invemar)","","","","","","CC_BY_4_0","","Angelica Batista;Raul Navas Camacho","","","2025-02-01T02:06:53.371Z","","COORDINATE_ROUNDED",-74.128361,11.325611
"61",2993588472,"f13e2caf-5093-4f9a-9de6-e38775b5a737","INVEMAR:SIMAC:InvVag:NET-1:2007:M3:001906","Animalia","Echinodermata","Echinoidea","Camarodonta","Echinometridae","Echinometra","Echinometra lucunter","","SPECIES","Echinometra lucunter (Linnaeus, 1758)","Echinometra lucunter","(Linnaeus, 1758)","CO","Reserva de Biosfera Sea Flower, No Entry Estación NET 1","Archipiélago de San Andrés, Providencia y Santa Catalina","PRESENT",NA,"f072f648-b8a4-47a0-9e1c-89d790645b5a",13.456028,-81.367306,NA,NA,NA,NA,11,1,"2007-07-09",9,7,2007,2278861,2278861,"HUMAN_OBSERVATION","Instituto de Investigaciones Marinas y Costeras “José Benito Vives de Andréis” (Invemar)","","","","","","CC_BY_4_0","","Alfredo Abril;Raul Navas Camacho","","","2025-02-01T02:06:53.371Z","","COORDINATE_ROUNDED;CONTINENT_COORDINATE_MISMATCH",-81.367306,13.456028
"62",2993588468,"f13e2caf-5093-4f9a-9de6-e38775b5a737","INVEMAR:SIMAC:InvVag:COC-1:2011:M3:002590","Animalia","Echinodermata","Echinoidea","Camarodonta","Echinometridae","Echinometra","Echinometra lucunter","","SPECIES","Echinometra lucunter (Linnaeus, 1758)","Echinometra lucunter","(Linnaeus, 1758)","CO","Parque Nacional Natural Corales del Rosario y San Bernardo, La Coca Estación COC 1","Bolívar","PRESENT",NA,"f072f648-b8a4-47a0-9e1c-89d790645b5a",10.170889,-75.788861,NA,NA,NA,NA,8.5,3.5,"2011-05-11",11,5,2011,2278861,2278861,"HUMAN_OBSERVATION","Instituto de Investigaciones Marinas y Costeras “José Benito Vives de Andréis” (Invemar)","","","","","","CC_BY_4_0","","Raul Navas Camacho;Tomás López Londoño","","","2025-02-01T02:06:53.371Z","","COORDINATE_ROUNDED",-75.788861,10.170889
"63",2993588444,"f13e2caf-5093-4f9a-9de6-e38775b5a737","INVEMAR:SIMAC:InvVag:LIT-1:2007:S5:001962","Animalia","Echinodermata","Echinoidea","Camarodonta","Echinometridae","Echinometra","Echinometra lucunter","","SPECIES","Echinometra lucunter (Linnaeus, 1758)","Echinometra lucunter","(Linnaeus, 1758)","CO","Reserva de Biosfera Sea Flower, little Reef Estación LIT 1","Archipiélago de San Andrés, Providencia y Santa Catalina","PRESENT",NA,"f072f648-b8a4-47a0-9e1c-89d790645b5a",12.584717,-81.686283,NA,NA,NA,NA,4.5,1.5,"2007-07-18",18,7,2007,2278861,2278861,"HUMAN_OBSERVATION","Instituto de Investigaciones Marinas y Costeras “José Benito Vives de Andréis” (Invemar)","","","","","","CC_BY_4_0","","Alfredo Abril;Raul Navas Camacho","","","2025-02-01T02:06:53.369Z","","COORDINATE_ROUNDED;CONTINENT_COORDINATE_MISMATCH",-81.686283,12.584717
"64",2993588277,"f13e2caf-5093-4f9a-9de6-e38775b5a737","INVEMAR:SIMAC:InvVag:ACU-2:2017:S5:003311","Animalia","Echinodermata","Echinoidea","Camarodonta","Echinometridae","Echinometra","Echinometra lucunter","","SPECIES","Echinometra lucunter (Linnaeus, 1758)","Echinometra lucunter","(Linnaeus, 1758)","CO","Reserva de Biosfera Sea Flower, Acuario Estación ACU 2","Archipiélago de San Andrés, Providencia y Santa Catalina","PRESENT",NA,"f072f648-b8a4-47a0-9e1c-89d790645b5a",12.548917,-81.69695,NA,NA,NA,NA,4.5,1.5,"2017-09-02",2,9,2017,2278861,2278861,"HUMAN_OBSERVATION","Instituto de Investigaciones Marinas y Costeras “José Benito Vives de Andréis” (Invemar)","","","","","","CC_BY_4_0","","Laura Sanchez Valencia","","","2025-02-01T02:06:53.352Z","","COORDINATE_ROUNDED;CONTINENT_COORDINATE_MISMATCH",-81.69695,12.548917
"65",2993588262,"f13e2caf-5093-4f9a-9de6-e38775b5a737","INVEMAR:SIMAC:InvVag:CEY-1:2002:S2:000370","Animalia","Echinodermata","Echinoidea","Camarodonta","Echinometridae","Echinometra","Echinometra lucunter","","SPECIES","Echinometra lucunter (Linnaeus, 1758)","Echinometra lucunter","(Linnaeus, 1758)","CO","Parque Nacional Natural Corales del Rosario y San Bernardo, Ceycen Estación CEY 1","Bolívar","PRESENT",NA,"f072f648-b8a4-47a0-9e1c-89d790645b5a",9.705528,-75.866139,NA,NA,NA,NA,4.5,1.5,"2002-05-03",3,5,2002,2278861,2278861,"HUMAN_OBSERVATION","Instituto de Investigaciones Marinas y Costeras “José Benito Vives de Andréis” (Invemar)","","","","","","CC_BY_4_0","","Sonia Bejarano;Nelson Manrique","","","2025-02-01T02:06:53.356Z","","COORDINATE_ROUNDED",-75.866139,9.705528
"66",2993588203,"f13e2caf-5093-4f9a-9de6-e38775b5a737","INVEMAR:SIMAC:InvVag:BAR-1:2006:S2:001758","Animalia","Echinodermata","Echinoidea","Camarodonta","Echinometridae","Echinometra","Echinometra lucunter","","SPECIES","Echinometra lucunter (Linnaeus, 1758)","Echinometra lucunter","(Linnaeus, 1758)","CO","Reserva de Biosfera Sea Flower, The Bar Estación BAR 1","Archipiélago de San Andrés, Providencia y Santa Catalina","PRESENT",NA,"f072f648-b8a4-47a0-9e1c-89d790645b5a",13.367233,-81.396967,NA,NA,NA,NA,10.5,1.5,"2006-09-29",29,9,2006,2278861,2278861,"HUMAN_OBSERVATION","Instituto de Investigaciones Marinas y Costeras “José Benito Vives de Andréis” (Invemar)","","","","","","CC_BY_4_0","","Nicasio Howard;Katherine Bernal","","","2025-02-01T02:06:53.351Z","","COORDINATE_ROUNDED;CONTINENT_COORDINATE_MISMATCH",-81.396967,13.367233
"67",2993588192,"f13e2caf-5093-4f9a-9de6-e38775b5a737","INVEMAR:SIMAC:InvVag:AGU-1:2002:S3:000449","Animalia","Echinodermata","Echinoidea","Camarodonta","Echinometridae","Echinometra","Echinometra lucunter","","SPECIES","Echinometra lucunter (Linnaeus, 1758)","Echinometra lucunter","(Linnaeus, 1758)","CO","Ensenada Capurganá, Punta del Aguacate, al fondo de la ensenada, Aguacate S Estación AGU 1","Chocó","PRESENT",NA,"f072f648-b8a4-47a0-9e1c-89d790645b5a",8.616722,-77.326861,NA,NA,NA,NA,4.5,1.5,"2002-07-02",2,7,2002,2278861,2278861,"HUMAN_OBSERVATION","Instituto de Investigaciones Marinas y Costeras “José Benito Vives de Andréis” (Invemar)","","","","","","CC_BY_4_0","","Jaime Garzón Ferreira;Nelson Manrique","","","2025-02-01T02:06:53.351Z","","COORDINATE_ROUNDED",-77.326861,8.616722
"68",2993587940,"f13e2caf-5093-4f9a-9de6-e38775b5a737","INVEMAR:SIMAC:InvVag:IFU-2:2009:S3:002237","Animalia","Echinodermata","Echinoidea","Camarodonta","Echinometridae","Echinometra","Echinometra lucunter","","SPECIES","Echinometra lucunter (Linnaeus, 1758)","Echinometra lucunter","(Linnaeus, 1758)","CO","Isla Fuerte, Los Boyones Estación IFU 2","Bolívar","PRESENT",NA,"f072f648-b8a4-47a0-9e1c-89d790645b5a",9.371444,-76.202278,NA,NA,NA,NA,8,1,"2009-03-19",19,3,2009,2278861,2278861,"HUMAN_OBSERVATION","Instituto de Investigaciones Marinas y Costeras “José Benito Vives de Andréis” (Invemar)","","","","","","CC_BY_4_0","","Johanna Carolina Vega Sequeda","","","2025-02-01T02:06:53.333Z","","COORDINATE_ROUNDED",-76.202278,9.371444
"69",2993587934,"f13e2caf-5093-4f9a-9de6-e38775b5a737","INVEMAR:SIMAC:InvVag:MAZ-2:2007:M3:001889","Animalia","Echinodermata","Echinoidea","Camarodonta","Echinometridae","Echinometra","Echinometra lucunter","","SPECIES","Echinometra lucunter (Linnaeus, 1758)","Echinometra lucunter","(Linnaeus, 1758)","CO","Reserva de Biosfera Sea Flower, Manzanillo Estación 2","Archipiélago de San Andrés, Providencia y Santa Catalina","PRESENT",NA,"f072f648-b8a4-47a0-9e1c-89d790645b5a",13.313639,-81.375278,NA,NA,NA,NA,10,0,"2007-07-08",8,7,2007,2278861,2278861,"HUMAN_OBSERVATION","Instituto de Investigaciones Marinas y Costeras “José Benito Vives de Andréis” (Invemar)","","","","","","CC_BY_4_0","","Raul Navas Camacho","","","2025-02-01T02:06:53.332Z","","COORDINATE_ROUNDED;CONTINENT_COORDINATE_MISMATCH",-81.375278,13.313639
"70",2993587845,"f13e2caf-5093-4f9a-9de6-e38775b5a737","INVEMAR:SIMAC:InvVag:IFU-1:2009:M3:002252","Animalia","Echinodermata","Echinoidea","Camarodonta","Echinometridae","Echinometra","Echinometra lucunter","","SPECIES","Echinometra lucunter (Linnaeus, 1758)","Echinometra lucunter","(Linnaeus, 1758)","CO","Isla Fuerte, Fondo Loco Estación IFU 1","Bolívar","PRESENT",NA,"f072f648-b8a4-47a0-9e1c-89d790645b5a",9.380111,-76.207639,NA,NA,NA,NA,11,1,"2009-03-20",20,3,2009,2278861,2278861,"HUMAN_OBSERVATION","Instituto de Investigaciones Marinas y Costeras “José Benito Vives de Andréis” (Invemar)","","","","","","CC_BY_4_0","","Johanna Carolina Vega Sequeda","","","2025-02-01T02:06:53.327Z","","COORDINATE_ROUNDED",-76.207639,9.380111
"71",2993587713,"f13e2caf-5093-4f9a-9de6-e38775b5a737","INVEMAR:SIMAC:InvVag:GAY-2:2003:M5:001078","Animalia","Echinodermata","Echinoidea","Camarodonta","Echinometridae","Echinometra","Echinometra lucunter","","SPECIES","Echinometra lucunter (Linnaeus, 1758)","Echinometra lucunter","(Linnaeus, 1758)","CO","Parque Nacional Natural Tayrona, Bahía Granate Estación GRA 2","Magdalena","PRESENT",NA,"f072f648-b8a4-47a0-9e1c-89d790645b5a",11.331361,-74.116944,NA,NA,NA,NA,13.5,1.5,"2003-10-29",29,10,2003,2278861,2278861,"HUMAN_OBSERVATION","Instituto de Investigaciones Marinas y Costeras “José Benito Vives de Andréis” (Invemar)","","","","","","CC_BY_4_0","","Isabel Cristina Chacón Gómez","","","2025-02-01T02:06:53.318Z","","COORDINATE_ROUNDED",-74.116944,11.331361
"72",2993587676,"f13e2caf-5093-4f9a-9de6-e38775b5a737","INVEMAR:SIMAC:InvVag:MIN-1:2008:S3:002107","Animalia","Echinodermata","Echinoidea","Camarodonta","Echinometridae","Echinometra","Echinometra lucunter","","SPECIES","Echinometra lucunter (Linnaeus, 1758)","Echinometra lucunter","(Linnaeus, 1758)","CO","Parque Nacional Natural Corales del Rosario y San Bernardo, Noroeste Isla Mucura Minalta Estación MIN 1","Bolívar","PRESENT",NA,"f072f648-b8a4-47a0-9e1c-89d790645b5a",9.790583,-75.923389,NA,NA,NA,NA,6.5,0.5,"2008-09-30",30,9,2008,2278861,2278861,"HUMAN_OBSERVATION","Instituto de Investigaciones Marinas y Costeras “José Benito Vives de Andréis” (Invemar)","","","","","","CC_BY_4_0","","Catalina Casas;Laura Muñoz Escobar","","","2025-02-01T02:06:53.317Z","","COORDINATE_ROUNDED",-75.923389,9.790583
"73",2993587609,"f13e2caf-5093-4f9a-9de6-e38775b5a737","INVEMAR:SIMAC:InvVag:CAN-2:2006:M5:001733","Animalia","Echinodermata","Echinoidea","Camarodonta","Echinometridae","Echinometra","Echinometra lucunter","","SPECIES","Echinometra lucunter (Linnaeus, 1758)","Echinometra lucunter","(Linnaeus, 1758)","CO","Reserva de Biosfera Sea Flower, El Canal Estación CAN 2","Archipiélago de San Andrés, Providencia y Santa Catalina","PRESENT",NA,"f072f648-b8a4-47a0-9e1c-89d790645b5a",13.398717,-81.397067,NA,NA,NA,NA,15,3,"2006-09-27",27,9,2006,2278861,2278861,"HUMAN_OBSERVATION","Instituto de Investigaciones Marinas y Costeras “José Benito Vives de Andréis” (Invemar)","","","","","","CC_BY_4_0","","Nicasio Howard;Katherine Bernal","","","2025-02-01T02:06:53.312Z","","COORDINATE_ROUNDED;CONTINENT_COORDINATE_MISMATCH",-81.397067,13.398717
"74",2993587252,"f13e2caf-5093-4f9a-9de6-e38775b5a737","INVEMAR:SIMAC:InvVag:ACU-1:2017:S3:003302","Animalia","Echinodermata","Echinoidea","Camarodonta","Echinometridae","Echinometra","Echinometra lucunter","","SPECIES","Echinometra lucunter (Linnaeus, 1758)","Echinometra lucunter","(Linnaeus, 1758)","CO","Reserva de Biosfera Sea Flower, Acuario Estación ACU 1","Archipiélago de San Andrés, Providencia y Santa Catalina","PRESENT",NA,"f072f648-b8a4-47a0-9e1c-89d790645b5a",12.555183,-81.695617,NA,NA,NA,NA,4.5,1.5,"2017-09-02",2,9,2017,2278861,2278861,"HUMAN_OBSERVATION","Instituto de Investigaciones Marinas y Costeras “José Benito Vives de Andréis” (Invemar)","","","","","","CC_BY_4_0","","Laura Sanchez Valencia","","","2025-02-01T02:06:53.288Z","","COORDINATE_ROUNDED;CONTINENT_COORDINATE_MISMATCH",-81.695617,12.555183
"75",2993587193,"f13e2caf-5093-4f9a-9de6-e38775b5a737","INVEMAR:SIMAC:InvVag:EMI-2:2017:M4:003286","Animalia","Echinodermata","Echinoidea","Camarodonta","Echinometridae","Echinometra","Echinometra lucunter","","SPECIES","Echinometra lucunter (Linnaeus, 1758)","Echinometra lucunter","(Linnaeus, 1758)","CO","Reserva de Biosfera Sea Flower, Emisario Estación EMI 2","Archipiélago de San Andrés, Providencia y Santa Catalina","PRESENT",NA,"f072f648-b8a4-47a0-9e1c-89d790645b5a",12.5687,-81.7258,NA,NA,NA,NA,10.5,1.5,"2017-09-01",1,9,2017,2278861,2278861,"HUMAN_OBSERVATION","Instituto de Investigaciones Marinas y Costeras “José Benito Vives de Andréis” (Invemar)","","","","","","CC_BY_4_0","","Laura Sanchez Valencia","","","2025-02-01T02:06:53.283Z","","CONTINENT_COORDINATE_MISMATCH",-81.7258,12.5687
"76",2993586917,"f13e2caf-5093-4f9a-9de6-e38775b5a737","INVEMAR:SIMAC:InvVag:SFE-1:2007:S3:001872","Animalia","Echinodermata","Echinoidea","Camarodonta","Echinometridae","Echinometra","Echinometra lucunter","","SPECIES","Echinometra lucunter (Linnaeus, 1758)","Echinometra lucunter","(Linnaeus, 1758)","CO","Reserva de Biosfera Sea Flower, San Felipe Estación SFE 1","Archipiélago de San Andrés, Providencia y Santa Catalina","PRESENT",NA,"f072f648-b8a4-47a0-9e1c-89d790645b5a",13.362367,-81.414278,NA,NA,NA,NA,4.5,1.5,"2007-07-06",6,7,2007,2278861,2278861,"HUMAN_OBSERVATION","Instituto de Investigaciones Marinas y Costeras “José Benito Vives de Andréis” (Invemar)","","","","","","CC_BY_4_0","","Raul Navas Camacho","","","2025-02-01T02:06:53.264Z","","COORDINATE_ROUNDED;CONTINENT_COORDINATE_MISMATCH",-81.414278,13.362367
"77",2993586561,"f13e2caf-5093-4f9a-9de6-e38775b5a737","INVEMAR:SIMAC:InvVag:ZAP-1:2006:M1:001642","Animalia","Echinodermata","Echinoidea","Camarodonta","Echinometridae","Echinometra","Echinometra lucunter","","SPECIES","Echinometra lucunter (Linnaeus, 1758)","Echinometra lucunter","(Linnaeus, 1758)","CO","Ensenada Sapzurro, fuera de la punta rocosa Sapzurro M Estación ZAP 1","Chocó","PRESENT",NA,"f072f648-b8a4-47a0-9e1c-89d790645b5a",8.662139,-77.358722,NA,NA,NA,NA,10.5,1.5,"2006-07-27",27,7,2006,2278861,2278861,"HUMAN_OBSERVATION","Instituto de Investigaciones Marinas y Costeras “José Benito Vives de Andréis” (Invemar)","","","","","","CC_BY_4_0","","Katherine Bernal","","","2025-02-01T02:06:53.239Z","","COORDINATE_ROUNDED",-77.358722,8.662139
"78",2993586389,"f13e2caf-5093-4f9a-9de6-e38775b5a737","INVEMAR:SIMAC:InvVag:VAR-1:2018:S4:003369","Animalia","Echinodermata","Echinoidea","Camarodonta","Echinometridae","Echinometra","Echinometra lucunter","","SPECIES","Echinometra lucunter (Linnaeus, 1758)","Echinometra lucunter","(Linnaeus, 1758)","CO","Parque Nacional Natural Corales del Rosario y San Bernardo, Cartagena, Varadero Estación VAR 1","Bolívar","PRESENT",NA,"f072f648-b8a4-47a0-9e1c-89d790645b5a",10.308042,-75.585069,NA,NA,NA,NA,4.25,1.75,"2018-04-28",28,4,2018,2278861,2278861,"HUMAN_OBSERVATION","Instituto de Investigaciones Marinas y Costeras “José Benito Vives de Andréis” (Invemar)","","","","","","CC_BY_4_0","","Laura Sanchez Valencia","","","2025-02-01T02:06:53.225Z","","",-75.585069,10.308042
"79",2993585991,"f13e2caf-5093-4f9a-9de6-e38775b5a737","INVEMAR:SIMAC:InvVag:CAN-1:2001:S1:000167","Animalia","Echinodermata","Echinoidea","Camarodonta","Echinometridae","Echinometra","Echinometra lucunter","","SPECIES","Echinometra lucunter (Linnaeus, 1758)","Echinometra lucunter","(Linnaeus, 1758)","CO","Reserva de Biosfera Sea Flower, El Canal Estación CAN 1","Archipiélago de San Andrés, Providencia y Santa Catalina","PRESENT",NA,"f072f648-b8a4-47a0-9e1c-89d790645b5a",13.388767,-81.390633,NA,NA,NA,NA,10.5,1.5,"2001-10-22",22,10,2001,2278861,2278861,"HUMAN_OBSERVATION","Instituto de Investigaciones Marinas y Costeras “José Benito Vives de Andréis” (Invemar)","","","","","","CC_BY_4_0","","Valeria Pizarro;Sonia Bejarano","","","2025-02-01T02:06:53.184Z","","COORDINATE_ROUNDED;CONTINENT_COORDINATE_MISMATCH",-81.390633,13.388767
"80",2993585845,"f13e2caf-5093-4f9a-9de6-e38775b5a737","INVEMAR:SIMAC:InvVag:SFE-2:2006:M1:001747","Animalia","Echinodermata","Echinoidea","Camarodonta","Echinometridae","Echinometra","Echinometra lucunter","","SPECIES","Echinometra lucunter (Linnaeus, 1758)","Echinometra lucunter","(Linnaeus, 1758)","CO","Reserva de Biosfera Sea Flower, San Felipe Estación SFE 2","Archipiélago de San Andrés, Providencia y Santa Catalina","PRESENT",NA,"f072f648-b8a4-47a0-9e1c-89d790645b5a",13.365517,-81.414394,NA,NA,NA,NA,11.5,0.5,"2006-09-28",28,9,2006,2278861,2278861,"HUMAN_OBSERVATION","Instituto de Investigaciones Marinas y Costeras “José Benito Vives de Andréis” (Invemar)","","","","","","CC_BY_4_0","","Nicasio Howard;Katherine Bernal","","","2025-02-01T02:06:53.172Z","","COORDINATE_ROUNDED;CONTINENT_COORDINATE_MISMATCH",-81.414394,13.365517
"81",2993585432,"f13e2caf-5093-4f9a-9de6-e38775b5a737","INVEMAR:SIMAC:InvVag:CAP-2:2002:M2:000439","Animalia","Echinodermata","Echinoidea","Camarodonta","Echinometridae","Echinometra","Echinometra lucunter","","SPECIES","Echinometra lucunter (Linnaeus, 1758)","Echinometra lucunter","(Linnaeus, 1758)","CO","Ensenada Capurganá Estación CAP 2","Chocó","PRESENT",NA,"f072f648-b8a4-47a0-9e1c-89d790645b5a",8.642056,-77.33625,NA,NA,NA,NA,10,2,"2002-07-01",1,7,2002,2278861,2278861,"HUMAN_OBSERVATION","Instituto de Investigaciones Marinas y Costeras “José Benito Vives de Andréis” (Invemar)","","","","","","CC_BY_4_0","","Oscar Caucali;Nelson Manrique","","","2025-02-01T02:06:53.104Z","","COORDINATE_ROUNDED",-77.33625,8.642056
"82",2979609597,"040c5662-da76-4782-a48e-cdea1892d14c","ABBAI2054-17","Animalia","Echinodermata","Echinoidea","Camarodonta","Echinometridae","Echinometra","Echinometra lucunter","","UNRANKED","BOLD:ABA2440","BOLD:ABA2440","","PA","","Bocas Del Toro","PRESENT",NA,"b3bf3a83-1f68-4541-a03f-330d30d567f5",9.34,-82.26,NA,NA,NA,NA,15,0,"2016-02-26",26,2,2016,10804266,2278861,"MATERIAL_SAMPLE","No Voucher Tissue","","","","Rachel Collin","","CC_BY_4_0","","Rachel Collin and Michael J. Boyle","","","2025-05-08T17:09:24.963Z","StillImage","GEODETIC_DATUM_ASSUMED_WGS84;COORDINATE_PRECISION_INVALID;COUNTRY_DERIVED_FROM_COORDINATES;CONTINENT_DERIVED_FROM_COORDINATES;TAXON_MATCH_TAXON_CONCEPT_ID_IGNORED;TAXON_MATCH_TAXON_ID_IGNORED;INSTITUTION_MATCH_NONE",-82.26,9.34
"83",2979543417,"040c5662-da76-4782-a48e-cdea1892d14c","ABBAI471-15","Animalia","Echinodermata","Echinoidea","Camarodonta","Echinometridae","Echinometra","Echinometra lucunter","","UNRANKED","BOLD:ABA2440","BOLD:ABA2440","","PA","in front of STRI point","Bocas Del Toro","PRESENT",NA,"b3bf3a83-1f68-4541-a03f-330d30d567f5",9.34775,-82.267,NA,NA,NA,NA,15,0,"2013-07-03",3,7,2013,10804266,2278861,"MATERIAL_SAMPLE","No Voucher Tissue","","","","Rachel Collin","","CC_BY_4_0","","Eduardo Zattara/Gaston Alurralde","","","2025-05-08T17:09:42.411Z","StillImage","GEODETIC_DATUM_ASSUMED_WGS84;COUNTRY_DERIVED_FROM_COORDINATES;CONTINENT_DERIVED_FROM_COORDINATES;TAXON_MATCH_TAXON_CONCEPT_ID_IGNORED;TAXON_MATCH_TAXON_ID_IGNORED;INSTITUTION_MATCH_NONE",-82.267,9.34775
"84",2626125936,"50c9509d-22c7-4a22-a47d-8c48425ef4a7","https://www.inaturalist.org/observations/45469581","Animalia","Echinodermata","Echinoidea","Camarodonta","Echinometridae","Echinometra","Echinometra lucunter","","SPECIES","Echinometra lucunter (Linnaeus, 1758)","Echinometra lucunter","","CR","","Limón","PRESENT",NA,"28eb1a3f-1c15-4a95-931a-4af90ecb574d",9.633963,-82.657053,NA,NA,NA,NA,NA,NA,"2013-11-07T12:27:21",7,11,2013,2278861,2278861,"HUMAN_OBSERVATION","iNaturalist","Observations","45469581","","penterd","2020-05-10T12:13:24","CC_BY_NC_4_0","penterd","penterd","","","2025-05-16T18:51:37.751Z","StillImage","COORDINATE_ROUNDED;CONTINENT_DERIVED_FROM_COORDINATES;TAXON_MATCH_TAXON_ID_IGNORED",-82.657053,9.633963
"85",2563477560,"50c9509d-22c7-4a22-a47d-8c48425ef4a7","https://www.inaturalist.org/observations/36993764","Animalia","Echinodermata","Echinoidea","Camarodonta","Echinometridae","Echinometra","Echinometra lucunter","","SPECIES","Echinometra lucunter (Linnaeus, 1758)","Echinometra lucunter","","CR","","Limón","PRESENT",NA,"28eb1a3f-1c15-4a95-931a-4af90ecb574d",9.633294,-82.662624,192,NA,NA,NA,NA,NA,"2013-08-20T10:03",20,8,2013,2278861,2278861,"HUMAN_OBSERVATION","iNaturalist","Observations","36993764","","Yves Bas","2019-12-27T08:24:20","CC_BY_4_0","Yves Bas","Yves Bas","","","2025-05-16T18:50:39.136Z","StillImage","COORDINATE_ROUNDED;CONTINENT_DERIVED_FROM_COORDINATES;TAXON_MATCH_TAXON_ID_IGNORED",-82.662624,9.633294
"86",2542866656,"50c9509d-22c7-4a22-a47d-8c48425ef4a7","https://www.inaturalist.org/observations/11582021","Animalia","Echinodermata","Echinoidea","Camarodonta","Echinometridae","Echinometra","Echinometra lucunter","","SPECIES","Echinometra lucunter (Linnaeus, 1758)","Echinometra lucunter","","PA","","Bocas del Toro","PRESENT",NA,"28eb1a3f-1c15-4a95-931a-4af90ecb574d",9.265935,-82.056377,702,NA,NA,NA,NA,NA,"2014-09-16T11:19",16,9,2014,2278861,2278861,"HUMAN_OBSERVATION","iNaturalist","Observations","11582021","","Javier","2018-04-28T05:23:57","CC_BY_4_0","Javier","Javier","","","2025-05-16T17:53:12.724Z","StillImage","COORDINATE_ROUNDED;CONTINENT_DERIVED_FROM_COORDINATES;TAXON_MATCH_TAXON_ID_IGNORED",-82.056377,9.265935
"87",2423122468,"50c9509d-22c7-4a22-a47d-8c48425ef4a7","https://www.inaturalist.org/observations/32915658","Animalia","Echinodermata","Echinoidea","Camarodonta","Echinometridae","Echinometra","Echinometra lucunter","","SPECIES","Echinometra lucunter (Linnaeus, 1758)","Echinometra lucunter","","CO","","San Andrés y Providencia","PRESENT",NA,"28eb1a3f-1c15-4a95-931a-4af90ecb574d",13.381872,-81.373621,257,NA,NA,NA,NA,NA,"2012-07-10T13:35:28",10,7,2012,2278861,2278861,"HUMAN_OBSERVATION","iNaturalist","Observations","32915658","","Alexis Felipe","2019-09-17T22:40:57","CC_BY_NC_4_0","Sebastián Lescano","Sebastián Lescano","","","2025-05-16T20:05:17.842Z","StillImage","COORDINATE_ROUNDED;CONTINENT_DERIVED_FROM_COORDINATES;TAXON_MATCH_TAXON_ID_IGNORED",-81.373621,13.381872
"88",2270458644,"888f0578-bef9-41f6-a687-19137510a437","UNAL_CECIMAR:SEAFLOWER2018:EQUINO:53","Animalia","Echinodermata","Echinoidea","Camarodonta","Echinometridae","Echinometra","Echinometra lucunter","lucunter","SUBSPECIES","Echinometra lucunter lucunter","Echinometra lucunter lucunter","(Linnaeus, 1758)","CO","Albuquerque","Archipiélago de San Andrés, Providencia y Santa Catalina","PRESENT",1,"eac88d99-9f6c-4031-8fc4-8088f0e0dfe7",12.1605,-81.8403,NA,NA,NA,NA,1.5,0,"2018-09-28",28,9,2018,7189075,2278861,"HUMAN_OBSERVATION","Universidad Nacional de Colombia (UNAL)","MHNMC","En proceso de catalogación","CCO_2018_ECHI_ALB_053","Andrea Dueñas","2018-09-28T00:00:00","CC_BY_NC_4_0","","Andrea Dueñas","","","2025-01-31T22:59:43.868Z","","CONTINENT_COORDINATE_MISMATCH",-81.8403,12.1605
"89",2270458627,"888f0578-bef9-41f6-a687-19137510a437","UNAL_CECIMAR:SEAFLOWER2018:EQUINO:141","Animalia","Echinodermata","Echinoidea","Camarodonta","Echinometridae","Echinometra","Echinometra lucunter","lucunter","SUBSPECIES","Echinometra lucunter lucunter","Echinometra lucunter lucunter","(Linnaeus, 1758)","CO","Albuquerque","Archipiélago de San Andrés, Providencia y Santa Catalina","PRESENT",6,"eac88d99-9f6c-4031-8fc4-8088f0e0dfe7",12.1554,-81.8484,NA,NA,NA,NA,7.05,1.55,"2018-09-28",28,9,2018,7189075,2278861,"MACHINE_OBSERVATION","Universidad Nacional de Colombia (UNAL)","Instituto de Investigaciones Marinas y Costeras José Benito Vives de Andréis (INVEMAR)","UNAL_CECIMAR:SEAFLOWER2018:EQUINO:141","CCO_2018_ECHI_ALB_141","Andrea Dueñas","2018-09-28T00:00:00","CC_BY_NC_4_0","","Brigitte Gavio","","","2025-01-31T22:59:43.611Z","","CONTINENT_COORDINATE_MISMATCH",-81.8484,12.1554
"90",2270458615,"888f0578-bef9-41f6-a687-19137510a437","UNAL_CECIMAR:SEAFLOWER2018:EQUINO:112","Animalia","Echinodermata","Echinoidea","Camarodonta","Echinometridae","Echinometra","Echinometra lucunter","lucunter","SUBSPECIES","Echinometra lucunter lucunter","Echinometra lucunter lucunter","(Linnaeus, 1758)","CO","Albuquerque","Archipiélago de San Andrés, Providencia y Santa Catalina","PRESENT",1,"eac88d99-9f6c-4031-8fc4-8088f0e0dfe7",12.1654,-81.8401,NA,NA,NA,NA,1.15,0.65,"2018-10-01",1,10,2018,7189075,2278861,"HUMAN_OBSERVATION","Universidad Nacional de Colombia (UNAL)","MHNMC","En proceso de catalogación","CCO_2018_ECHI_ALB_112","Roxana Martínez Canseco","2018-10-15T00:00:00","CC_BY_NC_4_0","","Andrea Dueñas","","","2025-01-31T22:59:43.809Z","","CONTINENT_COORDINATE_MISMATCH",-81.8401,12.1654
"91",2270458583,"888f0578-bef9-41f6-a687-19137510a437","UNAL_CECIMAR:SEAFLOWER2018:EQUINO:46","Animalia","Echinodermata","Echinoidea","Camarodonta","Echinometridae","Echinometra","Echinometra lucunter","lucunter","SUBSPECIES","Echinometra lucunter lucunter","Echinometra lucunter lucunter","(Linnaeus, 1758)","CO","Albuquerque","Archipiélago de San Andrés, Providencia y Santa Catalina","PRESENT",1,"eac88d99-9f6c-4031-8fc4-8088f0e0dfe7",12.1613,-81.8526,NA,NA,NA,NA,9.6,0,"2018-09-27",27,9,2018,7189075,2278861,"HUMAN_OBSERVATION","Universidad Nacional de Colombia (UNAL)","Instituto de Investigaciones Marinas y Costeras José Benito Vives de Andréis (INVEMAR)","UNAL_CECIMAR:SEAFLOWER2018:EQUINO:46","CCO_2018_ECHI_ALB_046","Carlos Daza","2018-09-27T00:00:00","CC_BY_NC_4_0","","Carlos Daza","","","2025-01-31T22:59:43.850Z","","CONTINENT_COORDINATE_MISMATCH",-81.8526,12.1613
"92",2270458578,"888f0578-bef9-41f6-a687-19137510a437","UNAL_CECIMAR:SEAFLOWER2018:EQUINO:85","Animalia","Echinodermata","Echinoidea","Camarodonta","Echinometridae","Echinometra","Echinometra lucunter","lucunter","SUBSPECIES","Echinometra lucunter lucunter","Echinometra lucunter lucunter","(Linnaeus, 1758)","CO","Albuquerque","Archipiélago de San Andrés, Providencia y Santa Catalina","PRESENT",1,"eac88d99-9f6c-4031-8fc4-8088f0e0dfe7",12.1661,-81.8394,NA,NA,NA,NA,1,0.5,"2018-09-29",29,9,2018,7189075,2278861,"HUMAN_OBSERVATION","Universidad Nacional de Colombia (UNAL)","MHNMC","En proceso de catalogación","CCO_2018_ECHI_ALB_085","Andrea Dueñas","2018-09-29T00:00:00","CC_BY_NC_4_0","","Andrea Dueñas","","","2025-01-31T22:59:43.402Z","","CONTINENT_COORDINATE_MISMATCH",-81.8394,12.1661
"93",2235023792,"5a39c87c-9d97-4282-b3a9-e2c292b4729d","Echi_SFBR:224","Animalia","Echinodermata","Echinoidea","Camarodonta","Echinometridae","Echinometra","Echinometra lucunter","lucunter","SUBSPECIES","Echinometra lucunter lucunter","Echinometra lucunter lucunter","(Linnaeus, 1758)","CO","Quitasueño Bank","","PRESENT",NA,"f072f648-b8a4-47a0-9e1c-89d790645b5a",14.333333,-81.25,NA,NA,NA,NA,NA,NA,"2011-09-14",14,9,2011,7189075,2278861,"PRESERVED_SPECIMEN","INVEMAR | UNAL","UNAL_SedeCaribe","UNAL_2011_ECHI_QUISUEÑO_35","","","","CC_BY_NC_4_0","","","","","2025-01-31T20:54:30.984Z","","CONTINENT_COORDINATE_MISMATCH;INSTITUTION_MATCH_NONE",-81.25,14.333333
"94",2235023755,"5a39c87c-9d97-4282-b3a9-e2c292b4729d","Echi_SFBR:219","Animalia","Echinodermata","Echinoidea","Camarodonta","Echinometridae","Echinometra","Echinometra lucunter","lucunter","SUBSPECIES","Echinometra lucunter lucunter","Echinometra lucunter lucunter","(Linnaeus, 1758)","CO","San Andres Island","","PRESENT",NA,"f072f648-b8a4-47a0-9e1c-89d790645b5a",12.583333,-81.7,NA,NA,NA,NA,NA,NA,"2015-06-29",29,6,2015,7189075,2278861,"HUMAN_OBSERVATION","","","","","","","CC_BY_NC_4_0","","","","","2025-01-31T20:54:30.961Z","","CONTINENT_COORDINATE_MISMATCH",-81.7,12.583333
"95",2235023598,"5a39c87c-9d97-4282-b3a9-e2c292b4729d","Echi_SFBR:225","Animalia","Echinodermata","Echinoidea","Camarodonta","Echinometridae","Echinometra","Echinometra lucunter","lucunter","SUBSPECIES","Echinometra lucunter lucunter","Echinometra lucunter lucunter","(Linnaeus, 1758)","CO","Serrana Bank","","PRESENT",NA,"f072f648-b8a4-47a0-9e1c-89d790645b5a",14.383333,-80.2,NA,NA,NA,NA,NA,NA,"2011-09-16",16,9,2011,7189075,2278861,"PRESERVED_SPECIMEN","INVEMAR | UNAL","UNAL_SedeCaribe","UNAL_2011_ECHI_SER_83","","","","CC_BY_NC_4_0","","","","","2025-01-31T20:54:31.027Z","","CONTINENT_COORDINATE_MISMATCH;INSTITUTION_MATCH_NONE",-80.2,14.383333
"96",2235023577,"5a39c87c-9d97-4282-b3a9-e2c292b4729d","Echi_SFBR:226","Animalia","Echinodermata","Echinoidea","Camarodonta","Echinometridae","Echinometra","Echinometra lucunter","lucunter","SUBSPECIES","Echinometra lucunter lucunter","Echinometra lucunter lucunter","(Linnaeus, 1758)","CO","Bajo Nuevo Bank","","PRESENT",NA,"f072f648-b8a4-47a0-9e1c-89d790645b5a",15.883333,-78.633333,NA,NA,NA,NA,NA,NA,"2011-08-15",15,8,2011,7189075,2278861,"HUMAN_OBSERVATION","","","","","","","CC_BY_NC_4_0","","","","","2025-01-31T20:54:31.021Z","","CONTINENT_COORDINATE_MISMATCH",-78.633333,15.883333
"97",2005308053,"50c9509d-22c7-4a22-a47d-8c48425ef4a7","https://www.inaturalist.org/observations/20263462","Animalia","Echinodermata","Echinoidea","Camarodonta","Echinometridae","Echinometra","Echinometra lucunter","","SPECIES","Echinometra lucunter (Linnaeus, 1758)","Echinometra lucunter","","PA","","Bocas del Toro","PRESENT",NA,"28eb1a3f-1c15-4a95-931a-4af90ecb574d",9.367681,-82.239209,73,NA,NA,NA,NA,NA,"2019-01-20T17:28:34",20,1,2019,2278861,2278861,"HUMAN_OBSERVATION","iNaturalist","Observations","20263462","","sandrapanama","2019-02-10T21:47:57","CC_BY_NC_4_0","sandrapanama","sandrapanama","","","2025-05-16T17:54:49.849Z","StillImage","COORDINATE_ROUNDED;CONTINENT_DERIVED_FROM_COORDINATES;TAXON_MATCH_TAXON_ID_IGNORED",-82.239209,9.367681
"98",1978468767,"50c9509d-22c7-4a22-a47d-8c48425ef4a7","https://www.inaturalist.org/observations/19124840","Animalia","Echinodermata","Echinoidea","Camarodonta","Echinometridae","Echinometra","Echinometra lucunter","","SPECIES","Echinometra lucunter (Linnaeus, 1758)","Echinometra lucunter","","CO","","La Guajira","PRESENT",NA,"28eb1a3f-1c15-4a95-931a-4af90ecb574d",12.204032,-72.151166,191,NA,NA,NA,NA,NA,"2017-09-02T10:26",2,9,2017,2278861,2278861,"HUMAN_OBSERVATION","iNaturalist","Observations","19124840","","Luis Mario Reyes Munevar","2018-12-20T22:47:07","CC_BY_NC_4_0","Luis Mario Reyes Munevar","Luis Mario Reyes Munevar","","","2025-05-16T21:09:41.709Z","StillImage","COORDINATE_ROUNDED;CONTINENT_DERIVED_FROM_COORDINATES;TAXON_MATCH_TAXON_ID_IGNORED",-72.151166,12.204032
"99",1935580510,"50c9509d-22c7-4a22-a47d-8c48425ef4a7","https://www.inaturalist.org/observations/16216423","Animalia","Echinodermata","Echinoidea","Camarodonta","Echinometridae","Echinometra","Echinometra lucunter","","SPECIES","Echinometra lucunter (Linnaeus, 1758)","Echinometra lucunter","","CR","","Limón","PRESENT",NA,"28eb1a3f-1c15-4a95-931a-4af90ecb574d",9.638006,-82.645798,122,NA,NA,NA,NA,NA,"2011-05-27T14:21",27,5,2011,2278861,2278861,"HUMAN_OBSERVATION","iNaturalist","Observations","16216423","","Javier","2018-09-05T01:13:25","CC_BY_NC_4_0","John G. Phillips","John G. Phillips","","","2025-05-16T19:20:34.708Z","StillImage","COORDINATE_ROUNDED;CONTINENT_DERIVED_FROM_COORDINATES;TAXON_MATCH_TAXON_ID_IGNORED",-82.645798,9.638006
"100",1913354629,"560539d5-7f71-4fd8-998b-ba5b16a55568","INVEMAR:ICSerranilla2017:UES:Bentos:Equ17","Animalia","Echinodermata","Echinoidea","Camarodonta","Echinometridae","Echinometra","Echinometra lucunter","","SPECIES","Echinometra lucunter (Linnaeus, 1758)","Echinometra lucunter","(Linnaeus, 1758)","CO","Isla Cayo Serranilla","Archipiélago de San Andrés, Providencia y Santa Catalina","PRESENT",NA,"f072f648-b8a4-47a0-9e1c-89d790645b5a",15.798129,-79.84891,NA,NA,NA,NA,2.5,0.5,"2017-09-24",24,9,2017,2278861,2278861,"HUMAN_OBSERVATION","INVEMAR","INV_ICSerranilla_UES_Bentos","INV_ICSerranilla:UES:Bentos:Equ17","Ob17","Giomar Helena Borrero-Pérez","2017-09-24T00:00:00","CC_BY_NC_4_0","INVEMAR","Giomar Helena Borrero-Pérez","","","2025-01-31T20:44:57.996Z","","COORDINATE_ROUNDED;CONTINENT_COORDINATE_MISMATCH",-79.84891,15.798129
"101",1913354626,"560539d5-7f71-4fd8-998b-ba5b16a55568","INVEMAR:ICSerranilla2017:UES:MHNMC:63034","Animalia","Echinodermata","Echinoidea","Camarodonta","Echinometridae","Echinometra","Echinometra lucunter","","SPECIES","Echinometra lucunter (Linnaeus, 1758)","Echinometra  lucunter","(Linnaeus, 1758)","CO","Isla Cayo Serranilla","Archipiélago de San Andrés, Providencia y Santa Catalina","PRESENT",1,"f072f648-b8a4-47a0-9e1c-89d790645b5a",15.796077,-79.843856,NA,NA,NA,NA,0,0,"2017-09-19",19,9,2017,2278861,2278861,"PRESERVED_SPECIMEN","INVEMAR","MHNMC","INV EQU4561","Slla29","Giomar Helena Borrero-Pérez","2017-09-19T00:00:00","CC_BY_NC_4_0","INVEMAR","Giomar Helena Borrero-Pérez","","","2025-01-31T20:44:58.131Z","","COORDINATE_ROUNDED;CONTINENT_COORDINATE_MISMATCH;INSTITUTION_MATCH_FUZZY;COLLECTION_MATCH_FUZZY",-79.843856,15.796077
"102",1913354625,"560539d5-7f71-4fd8-998b-ba5b16a55568","INVEMAR:ICSerranilla2017:UES:Bentos:Equ6","Animalia","Echinodermata","Echinoidea","Camarodonta","Echinometridae","Echinometra","Echinometra lucunter","","SPECIES","Echinometra lucunter (Linnaeus, 1758)","Echinometra lucunter","(Linnaeus, 1758)","CO","Isla Cayo Serranilla","Archipiélago de San Andrés, Providencia y Santa Catalina","PRESENT",NA,"f072f648-b8a4-47a0-9e1c-89d790645b5a",15.834211,-79.832186,NA,NA,NA,NA,3.3,0,"2017-09-21",21,9,2017,2278861,2278861,"HUMAN_OBSERVATION","INVEMAR","INV_ICSerranilla_UES_Bentos","INV_ICSerranilla:UES:Bentos:Equ6","Ob6","Giomar Helena Borrero-Pérez","2017-09-21T00:00:00","CC_BY_NC_4_0","INVEMAR","Giomar Helena Borrero-Pérez","","","2025-01-31T20:44:58.228Z","","COORDINATE_ROUNDED;CONTINENT_COORDINATE_MISMATCH",-79.832186,15.834211
"103",1913354616,"560539d5-7f71-4fd8-998b-ba5b16a55568","INVEMAR:ICSerranilla2017:UES:Bentos:Equ9","Animalia","Echinodermata","Echinoidea","Camarodonta","Echinometridae","Echinometra","Echinometra lucunter","","SPECIES","Echinometra lucunter (Linnaeus, 1758)","Echinometra lucunter","(Linnaeus, 1758)","CO","Isla Cayo Serranilla","Archipiélago de San Andrés, Providencia y Santa Catalina","PRESENT",NA,"f072f648-b8a4-47a0-9e1c-89d790645b5a",15.832056,-79.83236,NA,NA,NA,NA,3.3,0,"2017-09-23",23,9,2017,2278861,2278861,"HUMAN_OBSERVATION","INVEMAR","INV_ICSerranilla_UES_Bentos","INV_ICSerranilla:UES:Bentos:Equ9","Ob9","Giomar Helena Borrero-Pérez","2017-09-23T00:00:00","CC_BY_NC_4_0","INVEMAR","Giomar Helena Borrero-Pérez","","","2025-01-31T20:44:58.126Z","","COORDINATE_ROUNDED;CONTINENT_COORDINATE_MISMATCH",-79.83236,15.832056
"104",1913354614,"560539d5-7f71-4fd8-998b-ba5b16a55568","INVEMAR:ICSerranilla2017:UES:Bentos:Equ3","Animalia","Echinodermata","Echinoidea","Camarodonta","Echinometridae","Echinometra","Echinometra lucunter","","SPECIES","Echinometra lucunter (Linnaeus, 1758)","Echinometra lucunter","(Linnaeus, 1758)","CO","Isla Cayo Serranilla","Archipiélago de San Andrés, Providencia y Santa Catalina","PRESENT",NA,"f072f648-b8a4-47a0-9e1c-89d790645b5a",15.809779,-79.840621,NA,NA,NA,NA,5.6,0,"2017-09-20",20,9,2017,2278861,2278861,"HUMAN_OBSERVATION","INVEMAR","INV_ICSerranilla_UES_Bentos","INV_ICSerranilla:UES:Bentos:Equ3","Ob3","Giomar Helena Borrero-Pérez","2017-09-20T00:00:00","CC_BY_NC_4_0","INVEMAR","Giomar Helena Borrero-Pérez","","","2025-01-31T20:44:58.218Z","","COORDINATE_ROUNDED;CONTINENT_COORDINATE_MISMATCH",-79.840621,15.809779
"105",1913354603,"560539d5-7f71-4fd8-998b-ba5b16a55568","INVEMAR:ICSerranilla2017:UES:MHNMC:63020","Animalia","Echinodermata","Echinoidea","Camarodonta","Echinometridae","Echinometra","Echinometra lucunter","","SPECIES","Echinometra lucunter (Linnaeus, 1758)","Echinometra lucunter","(Linnaeus, 1758)","CO","Isla Cayo Serranilla","Archipiélago de San Andrés, Providencia y Santa Catalina","PRESENT",2,"f072f648-b8a4-47a0-9e1c-89d790645b5a",15.795123,-79.844088,NA,NA,NA,NA,1,0,"2017-09-27",27,9,2017,2278861,2278861,"PRESERVED_SPECIMEN","INVEMAR","MHNMC","INV EQU4547","Slla15","Giomar Helena Borrero-Pérez","2017-09-27T00:00:00","CC_BY_NC_4_0","INVEMAR","Giomar Helena Borrero-Pérez","","","2025-01-31T20:44:58.036Z","","COORDINATE_ROUNDED;CONTINENT_COORDINATE_MISMATCH;INSTITUTION_MATCH_FUZZY;COLLECTION_MATCH_FUZZY",-79.844088,15.795123
"106",1880548131,"50c9509d-22c7-4a22-a47d-8c48425ef4a7","https://www.inaturalist.org/observations/13693141","Animalia","Echinodermata","Echinoidea","Camarodonta","Echinometridae","Echinometra","Echinometra lucunter","","SPECIES","Echinometra lucunter (Linnaeus, 1758)","Echinometra lucunter","","PA","","Bocas del Toro","PRESENT",NA,"28eb1a3f-1c15-4a95-931a-4af90ecb574d",9.207862,-82.247494,1953,NA,NA,NA,NA,NA,"2014-09-16T11:19",16,9,2014,2278861,2278861,"HUMAN_OBSERVATION","iNaturalist","Observations","13693141","","Javier","2018-06-23T07:15:29","CC_BY_4_0","Javier","Javier","","","2025-05-16T18:43:00.442Z","StillImage","COORDINATE_ROUNDED;CONTINENT_DERIVED_FROM_COORDINATES;TAXON_MATCH_TAXON_ID_IGNORED",-82.247494,9.207862
"107",1836071145,"6d28a527-bf84-4e58-b133-0e60987b5e7c","NaGISA-57181","Animalia","Echinodermata","Echinoidea","Camarodonta","Echinometridae","Echinometra","Echinometra lucunter","","SPECIES","Echinometra lucunter (Linnaeus, 1758)","Echinometra lucunter","","CO","Chengue-MA","Magdalena","PRESENT",NA,"1e9400fa-ce73-4737-9eaa-f25df148945c",11.328933,-74.127632,NA,NA,NA,NA,NA,NA,"2009-05-18",18,5,2009,2278861,2278861,"HUMAN_OBSERVATION","Instituto de Investigaciones Marinas y Costeras","Museo de Historia Natural Marina de Colombia","ColombiaMagdalenaSanta MartaChengueMT52009518184","","César Herrera","2009-01-01T00:00:00","CC0_1_0","","Johanna Vega,César Herrera,Diana Isabel Gómez,Tomás López,Angélica Batista","","","2025-01-31T21:47:41.573Z","","GEODETIC_DATUM_ASSUMED_WGS84;CONTINENT_DERIVED_FROM_COORDINATES",-74.127632,11.328933
"108",1343196581,"85b1cfb6-f762-11e1-a439-00145eb45e9a","b889322e-5b2a-44a9-b9fa-ee9c59dbd467","Animalia","Echinodermata","Echinoidea","Camarodonta","Echinometridae","Echinometra","Echinometra lucunter","","SPECIES","Echinometra lucunter (Linnaeus, 1758)","Echinometra lucunter","(Linnaeus 1758)","PA","Punta Juan","Bocas del Toro","PRESENT",NA,"8483a1f0-1032-11db-ae00-b8a03c50a862",9.300624,-82.293916,NA,NA,NA,NA,NA,NA,"2016-05-16",16,5,2016,2278861,2278861,"PRESERVED_SPECIMEN","UF","Invertebrate Zoology","17923-Echinodermata","","","","CC_BY_NC_4_0","","Lasley, Robert","","","2025-05-19T04:12:23.029Z","StillImage","INSTITUTION_MATCH_FUZZY;COLLECTION_MATCH_FUZZY",-82.293916,9.300624
"109",1328184296,"77e0b1e1-eb54-4311-bd15-193fa55ea75f","UNAL_CECIMAR:SEAFLOWER2016:EQUINO:10","Animalia","Echinodermata","Echinoidea","Camarodonta","Echinometridae","Echinometra","Echinometra lucunter","lucunter","SUBSPECIES","Echinometra lucunter lucunter","Echinometra lucunter lucunter","(Linnaeus, 1758)","CO","Lado este de la isla","Archipiélago de San Andrés, Providencia y Santa Catalina","PRESENT",1,"eac88d99-9f6c-4031-8fc4-8088f0e0dfe7",14.28459,-80.36522,NA,NA,NA,NA,2.5,2.5,"2016-08-11",11,8,2016,7189075,2278861,"HUMAN_OBSERVATION","UNAL","UNAL","UNAL_CECIMAR:SEAFLOWER2016:EQUINO:10","ECHI_SER_010","Milena Benavides Serrato","2016-09-15T00:00:00","CC_BY_4_0","","Milena Benavides Serrato","","native","2025-05-16T14:18:56.045Z","","CONTINENT_COORDINATE_MISMATCH;OCCURRENCE_STATUS_INFERRED_FROM_INDIVIDUAL_COUNT",-80.36522,14.28459
"110",1275093541,"2b5aab57-4660-40d8-b3a3-149ff3353044","2016:MCUB:R-E:MCUB-R-E-000058","Animalia","Echinodermata","Echinoidea","Camarodonta","Echinometridae","Echinometra","Echinometra lucunter","","SPECIES","Echinometra lucunter (Linnaeus, 1758)","Echinometra lucunter","(Linnaeus, 1758)","CO","El Faro","La Guajira","PRESENT",1,"e0455781-2311-4b5b-8cc0-421d73e04f1b",12.20639,-72.20639,NA,NA,0,0,NA,NA,"2009-08-29",29,8,2009,2278861,2278861,"PRESERVED_SPECIMEN","Universidad El Bosque (MCUB)","MCUB","MCUB-R-E-000058","","María del Pilar Urrego","2015-02-08T00:00:00","CC_BY_4_0","Universidad El Bosque","Oscar Gómez","","","2025-05-16T16:13:47.282Z","","INSTITUTION_MATCH_NONE",-72.20639,12.20639
"111",1275093498,"2b5aab57-4660-40d8-b3a3-149ff3353044","2016:MCUB:R-E:MCUB-R-E-000017","Animalia","Echinodermata","Echinoidea","Camarodonta","Echinometridae","Echinometra","Echinometra lucunter","","SPECIES","Echinometra lucunter (Linnaeus, 1758)","Echinometra lucunter","(Linnaeus, 1758)","CO","El Faro","La Guajira","PRESENT",1,"e0455781-2311-4b5b-8cc0-421d73e04f1b",12.21055,-72.18972,NA,NA,0,0,NA,NA,"2007-04-29",29,4,2007,2278861,2278861,"PRESERVED_SPECIMEN","Universidad El Bosque (MCUB)","MCUB","MCUB-R-E-000017","","Helena Peña Quevedo","2009-04-14T00:00:00","CC_BY_4_0","Universidad El Bosque","I. Riveros;J. Garcia","","","2025-05-16T16:13:53.079Z","","INSTITUTION_MATCH_NONE",-72.18972,12.21055
